-- MySQL dump 10.13  Distrib 5.7.23-23, for Linux (x86_64)
--
-- Host: localhost    Database: siste133_sistema_expo2023
-- ------------------------------------------------------
-- Server version	5.7.23-23

/*!40101 SET @OLD_CHARACTER_SET_CLIENT=@@CHARACTER_SET_CLIENT */;
/*!40101 SET @OLD_CHARACTER_SET_RESULTS=@@CHARACTER_SET_RESULTS */;
/*!40101 SET @OLD_COLLATION_CONNECTION=@@COLLATION_CONNECTION */;
/*!40101 SET NAMES utf8mb4 */;
/*!40103 SET @OLD_TIME_ZONE=@@TIME_ZONE */;
/*!40103 SET TIME_ZONE='+00:00' */;
/*!40014 SET @OLD_UNIQUE_CHECKS=@@UNIQUE_CHECKS, UNIQUE_CHECKS=0 */;
/*!40014 SET @OLD_FOREIGN_KEY_CHECKS=@@FOREIGN_KEY_CHECKS, FOREIGN_KEY_CHECKS=0 */;
/*!40101 SET @OLD_SQL_MODE=@@SQL_MODE, SQL_MODE='NO_AUTO_VALUE_ON_ZERO' */;
/*!40111 SET @OLD_SQL_NOTES=@@SQL_NOTES, SQL_NOTES=0 */;
/*!50717 SELECT COUNT(*) INTO @rocksdb_has_p_s_session_variables FROM INFORMATION_SCHEMA.TABLES WHERE TABLE_SCHEMA = 'performance_schema' AND TABLE_NAME = 'session_variables' */;
/*!50717 SET @rocksdb_get_is_supported = IF (@rocksdb_has_p_s_session_variables, 'SELECT COUNT(*) INTO @rocksdb_is_supported FROM performance_schema.session_variables WHERE VARIABLE_NAME=\'rocksdb_bulk_load\'', 'SELECT 0') */;
/*!50717 PREPARE s FROM @rocksdb_get_is_supported */;
/*!50717 EXECUTE s */;
/*!50717 DEALLOCATE PREPARE s */;
/*!50717 SET @rocksdb_enable_bulk_load = IF (@rocksdb_is_supported, 'SET SESSION rocksdb_bulk_load = 1', 'SET @rocksdb_dummy_bulk_load = 0') */;
/*!50717 PREPARE s FROM @rocksdb_enable_bulk_load */;
/*!50717 EXECUTE s */;
/*!50717 DEALLOCATE PREPARE s */;

--
-- Temporary table structure for view `View_Student_data`
--

DROP TABLE IF EXISTS `View_Student_data`;
/*!50001 DROP VIEW IF EXISTS `View_Student_data`*/;
SET @saved_cs_client     = @@character_set_client;
SET character_set_client = utf8;
/*!50001 CREATE VIEW `View_Student_data` AS SELECT 
 1 AS `student`,
 1 AS `fullName`*/;
SET character_set_client = @saved_cs_client;

--
-- Table structure for table `companies`
--

DROP TABLE IF EXISTS `companies`;
/*!40101 SET @saved_cs_client     = @@character_set_client */;
/*!40101 SET character_set_client = utf8 */;
CREATE TABLE `companies` (
  `id` bigint(20) unsigned NOT NULL AUTO_INCREMENT,
  `nameCompany` varchar(255) COLLATE utf8mb4_unicode_ci NOT NULL,
  `created_at` timestamp NULL DEFAULT NULL,
  `updated_at` timestamp NULL DEFAULT NULL,
  `deleted_at` timestamp NULL DEFAULT NULL,
  PRIMARY KEY (`id`)
) ENGINE=InnoDB AUTO_INCREMENT=5 DEFAULT CHARSET=utf8mb4 COLLATE=utf8mb4_unicode_ci;
/*!40101 SET character_set_client = @saved_cs_client */;

--
-- Dumping data for table `companies`
--

LOCK TABLES `companies` WRITE;
/*!40000 ALTER TABLE `companies` DISABLE KEYS */;
INSERT INTO `companies` (`id`, `nameCompany`, `created_at`, `updated_at`, `deleted_at`) VALUES (4,'wacom','2023-06-06 21:39:55','2023-06-06 23:34:45',NULL);
/*!40000 ALTER TABLE `companies` ENABLE KEYS */;
UNLOCK TABLES;

--
-- Table structure for table `company_people`
--

DROP TABLE IF EXISTS `company_people`;
/*!40101 SET @saved_cs_client     = @@character_set_client */;
/*!40101 SET character_set_client = utf8 */;
CREATE TABLE `company_people` (
  `id` bigint(20) unsigned NOT NULL AUTO_INCREMENT,
  `fullName` varchar(100) COLLATE utf8mb4_unicode_ci NOT NULL,
  `attended` tinyint(1) NOT NULL,
  `company` bigint(20) unsigned NOT NULL,
  `created_at` timestamp NULL DEFAULT NULL,
  `updated_at` timestamp NULL DEFAULT NULL,
  `deleted_at` timestamp NULL DEFAULT NULL,
  PRIMARY KEY (`id`),
  KEY `company_people_company_foreign` (`company`),
  CONSTRAINT `company_people_company_foreign` FOREIGN KEY (`company`) REFERENCES `companies` (`id`)
) ENGINE=InnoDB AUTO_INCREMENT=5 DEFAULT CHARSET=utf8mb4 COLLATE=utf8mb4_unicode_ci;
/*!40101 SET character_set_client = @saved_cs_client */;

--
-- Dumping data for table `company_people`
--

LOCK TABLES `company_people` WRITE;
/*!40000 ALTER TABLE `company_people` DISABLE KEYS */;
INSERT INTO `company_people` (`id`, `fullName`, `attended`, `company`, `created_at`, `updated_at`, `deleted_at`) VALUES (4,'Test xd',0,4,'2023-08-21 23:53:25','2023-08-21 23:53:25',NULL);
/*!40000 ALTER TABLE `company_people` ENABLE KEYS */;
UNLOCK TABLES;

--
-- Table structure for table `event_guests`
--

DROP TABLE IF EXISTS `event_guests`;
/*!40101 SET @saved_cs_client     = @@character_set_client */;
/*!40101 SET character_set_client = utf8 */;
CREATE TABLE `event_guests` (
  `id` bigint(20) unsigned NOT NULL AUTO_INCREMENT,
  `guest` bigint(20) unsigned NOT NULL,
  `event` bigint(20) unsigned NOT NULL,
  `created_at` timestamp NULL DEFAULT NULL,
  `updated_at` timestamp NULL DEFAULT NULL,
  `deleted_at` timestamp NULL DEFAULT NULL,
  PRIMARY KEY (`id`),
  KEY `event_guests_guest_foreign` (`guest`),
  KEY `event_guests_event_foreign` (`event`),
  CONSTRAINT `event_guests_event_foreign` FOREIGN KEY (`event`) REFERENCES `events` (`id`),
  CONSTRAINT `event_guests_guest_foreign` FOREIGN KEY (`guest`) REFERENCES `guests` (`id`)
) ENGINE=InnoDB AUTO_INCREMENT=34 DEFAULT CHARSET=utf8mb4 COLLATE=utf8mb4_unicode_ci;
/*!40101 SET character_set_client = @saved_cs_client */;

--
-- Dumping data for table `event_guests`
--

LOCK TABLES `event_guests` WRITE;
/*!40000 ALTER TABLE `event_guests` DISABLE KEYS */;
INSERT INTO `event_guests` (`id`, `guest`, `event`, `created_at`, `updated_at`, `deleted_at`) VALUES (13,4,10,'2023-06-06 21:32:40','2023-06-06 21:55:07','2023-06-06 21:55:07'),(14,5,11,'2023-06-06 21:42:08','2023-06-06 21:55:30','2023-06-06 21:55:30'),(15,6,12,'2023-06-06 21:48:03','2023-06-06 21:56:39','2023-06-06 21:56:39'),(16,7,13,'2023-06-06 21:52:28','2023-06-06 21:57:30','2023-06-06 21:57:30'),(17,8,14,'2023-06-06 21:54:53','2023-06-06 21:54:53',NULL),(18,4,10,'2023-06-06 21:55:07','2023-06-06 21:55:17','2023-06-06 21:55:17'),(19,4,10,'2023-06-06 21:55:17','2023-08-19 02:00:48','2023-08-19 02:00:48'),(20,5,11,'2023-06-06 21:55:30','2023-06-06 21:55:30',NULL),(21,6,12,'2023-06-06 21:56:39','2023-06-06 21:56:39',NULL),(22,7,13,'2023-06-06 21:57:30','2023-06-06 22:04:06','2023-06-06 22:04:06'),(23,7,13,'2023-06-06 22:04:06','2023-06-06 22:04:06',NULL),(24,9,15,'2023-06-06 22:06:42','2023-06-06 22:06:42',NULL),(25,10,16,'2023-06-06 22:11:01','2023-06-06 22:11:01',NULL),(26,11,17,'2023-06-06 22:12:55','2023-06-06 22:12:55',NULL),(27,12,18,'2023-06-06 22:15:22','2023-06-06 22:15:22',NULL),(28,13,19,'2023-06-06 22:17:28','2023-06-06 22:18:13','2023-06-06 22:18:13'),(29,13,19,'2023-06-06 22:18:13','2023-06-06 22:18:13',NULL),(30,14,20,'2023-06-06 22:19:27','2023-06-06 22:19:27',NULL),(31,15,21,'2023-06-06 22:22:01','2023-06-06 22:22:01',NULL),(32,16,22,'2023-06-06 22:23:55','2023-06-06 22:23:55',NULL),(33,4,10,'2023-08-19 02:00:48','2023-08-19 02:00:48',NULL);
/*!40000 ALTER TABLE `event_guests` ENABLE KEYS */;
UNLOCK TABLES;

--
-- Table structure for table `event_students`
--

DROP TABLE IF EXISTS `event_students`;
/*!40101 SET @saved_cs_client     = @@character_set_client */;
/*!40101 SET character_set_client = utf8 */;
CREATE TABLE `event_students` (
  `id` bigint(20) unsigned NOT NULL AUTO_INCREMENT,
  `event` bigint(20) unsigned NOT NULL,
  `student` bigint(20) unsigned NOT NULL,
  `attended` tinyint(1) NOT NULL,
  `created_at` timestamp NULL DEFAULT NULL,
  `updated_at` timestamp NULL DEFAULT NULL,
  `deleted_at` timestamp NULL DEFAULT NULL,
  PRIMARY KEY (`id`),
  KEY `event_students_event_foreign` (`event`),
  KEY `event_students_student_foreign` (`student`),
  CONSTRAINT `event_students_event_foreign` FOREIGN KEY (`event`) REFERENCES `events` (`id`),
  CONSTRAINT `event_students_student_foreign` FOREIGN KEY (`student`) REFERENCES `students` (`enrollment`)
) ENGINE=InnoDB AUTO_INCREMENT=364 DEFAULT CHARSET=utf8mb4 COLLATE=utf8mb4_unicode_ci;
/*!40101 SET character_set_client = @saved_cs_client */;

--
-- Dumping data for table `event_students`
--

LOCK TABLES `event_students` WRITE;
/*!40000 ALTER TABLE `event_students` DISABLE KEYS */;
INSERT INTO `event_students` (`id`, `event`, `student`, `attended`, `created_at`, `updated_at`, `deleted_at`) VALUES (4,12,1828632,1,'2023-06-10 23:00:06','2023-06-10 23:00:06',NULL),(5,12,2009810,1,'2023-06-10 23:02:31','2023-06-10 23:02:31',NULL),(6,18,2048283,1,'2023-06-10 23:04:06','2023-06-10 23:04:06',NULL),(7,18,2012972,1,'2023-06-10 23:05:26','2023-06-10 23:05:26',NULL),(8,12,1862368,1,'2023-06-10 23:10:57','2023-06-10 23:10:57',NULL),(9,12,1960426,1,'2023-06-10 23:11:48','2023-06-10 23:11:48',NULL),(10,12,1960069,1,'2023-06-10 23:15:04','2023-06-10 23:15:04',NULL),(11,12,1962426,1,'2023-06-10 23:16:53','2023-06-10 23:16:53',NULL),(12,18,2086070,1,'2023-06-10 23:18:28','2023-06-10 23:18:28',NULL),(13,12,2132916,1,'2023-06-10 23:23:54','2023-06-10 23:23:54',NULL),(14,12,2173424,1,'2023-06-10 23:27:20','2023-06-10 23:27:20',NULL),(15,12,1994666,1,'2023-06-10 23:29:14','2023-06-10 23:29:14',NULL),(16,12,1968677,1,'2023-06-10 23:32:58','2023-06-10 23:32:58',NULL),(17,12,1968392,1,'2023-06-10 23:33:41','2023-06-10 23:33:41',NULL),(18,12,1945911,1,'2023-06-10 23:35:15','2023-06-10 23:35:15',NULL),(19,18,2026779,1,'2023-06-10 23:49:59','2023-06-10 23:49:59',NULL),(20,18,1947124,1,'2023-06-10 23:52:39','2023-06-10 23:52:39',NULL),(21,18,1920746,1,'2023-06-10 23:53:43','2023-06-10 23:53:43',NULL),(22,18,2076390,1,'2023-06-10 23:54:42','2023-06-10 23:54:42',NULL),(23,18,1941472,1,'2023-06-10 23:55:12','2023-06-10 23:55:12',NULL),(24,12,1947215,1,'2023-06-11 00:17:45','2023-06-11 00:17:45',NULL),(25,12,1663184,1,'2023-06-11 00:18:32','2023-06-11 00:18:32',NULL),(26,18,2052355,1,'2023-06-11 00:18:41','2023-06-11 00:18:41',NULL),(27,12,1990082,1,'2023-06-11 00:19:57','2023-06-11 00:19:57',NULL),(28,18,2025650,1,'2023-06-11 00:20:11','2023-06-11 00:20:11',NULL),(29,12,2076219,1,'2023-06-11 00:21:14','2023-06-11 00:21:14',NULL),(30,12,1670351,1,'2023-06-11 00:21:36','2023-06-11 00:21:36',NULL),(31,12,1740469,1,'2023-06-11 00:21:49','2023-06-11 00:21:49',NULL),(32,12,1671706,1,'2023-06-11 00:22:04','2023-06-11 00:22:04',NULL),(33,12,2071910,1,'2023-06-11 00:22:17','2023-06-11 00:22:17',NULL),(34,18,1941489,1,'2023-06-11 00:22:34','2023-06-11 00:22:34',NULL),(35,12,1962531,1,'2023-06-11 00:22:47','2023-06-11 00:22:47',NULL),(36,12,1638472,1,'2023-06-11 00:23:00','2023-06-11 00:23:00',NULL),(37,18,1994917,1,'2023-06-11 00:23:09','2023-06-11 00:23:09',NULL),(38,12,1681088,1,'2023-06-11 00:23:22','2023-06-11 00:23:22',NULL),(39,12,2052355,1,'2023-06-11 00:23:28','2023-06-11 00:23:28',NULL),(40,12,2132951,1,'2023-06-11 00:24:06','2023-06-11 00:24:06',NULL),(41,18,2086131,1,'2023-06-11 00:24:11','2023-06-11 00:24:11',NULL),(42,18,1995923,1,'2023-06-11 00:24:49','2023-06-11 00:24:49',NULL),(43,12,1913166,1,'2023-06-11 00:24:56','2023-06-11 00:24:56',NULL),(44,12,1664499,1,'2023-06-11 00:25:20','2023-06-11 00:25:20',NULL),(45,13,1819390,1,'2023-06-11 00:25:43','2023-06-11 00:25:43',NULL),(46,18,1945422,1,'2023-06-11 00:25:50','2023-06-11 00:25:50',NULL),(47,18,1839373,1,'2023-06-11 00:26:43','2023-06-11 00:26:43',NULL),(48,13,2086045,1,'2023-06-11 00:27:12','2023-06-11 00:27:12',NULL),(49,18,1941445,1,'2023-06-11 00:27:37','2023-06-11 00:27:37',NULL),(50,13,2071910,1,'2023-06-11 00:27:52','2023-06-11 00:27:52',NULL),(51,13,1962531,1,'2023-06-11 00:28:31','2023-06-11 00:28:31',NULL),(52,18,1912474,1,'2023-06-11 00:29:23','2023-06-11 00:29:23',NULL),(53,18,1867173,1,'2023-06-11 00:30:09','2023-06-11 00:30:09',NULL),(54,18,2002966,1,'2023-06-11 00:30:57','2023-06-11 00:30:57',NULL),(55,18,1841650,1,'2023-06-11 00:31:39','2023-06-11 00:31:39',NULL),(56,18,2086278,1,'2023-06-11 00:32:11','2023-06-11 00:32:11',NULL),(57,18,1970269,1,'2023-06-11 00:32:51','2023-06-11 00:32:51',NULL),(58,18,2086275,1,'2023-06-11 00:33:20','2023-06-11 00:33:20',NULL),(59,18,2009383,1,'2023-06-11 00:33:48','2023-06-11 00:33:48',NULL),(60,18,1889990,1,'2023-06-11 00:34:24','2023-06-11 00:34:24',NULL),(61,18,2174840,1,'2023-06-11 00:35:19','2023-06-11 00:35:19',NULL),(62,18,1810061,1,'2023-06-11 00:35:43','2023-06-11 00:35:43',NULL),(63,18,1664499,1,'2023-06-11 00:37:24','2023-06-11 00:37:24',NULL),(64,14,2086032,1,'2023-06-11 00:47:44','2023-06-11 00:47:44',NULL),(65,14,2026779,1,'2023-06-11 00:48:08','2023-06-11 00:48:08',NULL),(66,14,2012972,1,'2023-06-11 00:48:23','2023-06-11 00:48:23',NULL),(67,14,21322984,1,'2023-06-11 00:49:08','2023-06-11 00:49:08',NULL),(68,14,1855903,1,'2023-06-11 00:49:57','2023-06-11 00:49:57',NULL),(69,14,2048127,1,'2023-06-11 00:51:04','2023-06-11 00:51:04',NULL),(70,19,2025981,1,'2023-06-11 00:54:40','2023-06-11 00:54:40',NULL),(71,19,1899432,1,'2023-06-11 00:55:12','2023-06-11 00:55:12',NULL),(72,19,1865030,1,'2023-06-11 00:55:31','2023-06-11 00:55:31',NULL),(73,14,1811632,1,'2023-06-11 00:56:55','2023-06-11 00:56:55',NULL),(74,19,2001490,1,'2023-06-11 00:57:09','2023-06-11 00:57:09',NULL),(75,14,1941445,1,'2023-06-11 00:57:52','2023-06-11 00:57:52',NULL),(76,19,1961800,1,'2023-06-11 00:58:08','2023-06-11 00:58:08',NULL),(77,19,2064021,1,'2023-06-11 00:58:30','2023-06-11 00:58:30',NULL),(78,19,2076253,1,'2023-06-11 00:59:45','2023-06-11 00:59:45',NULL),(79,14,2015248,1,'2023-06-11 01:00:10','2023-06-11 01:00:10',NULL),(80,14,2058917,1,'2023-06-11 01:00:50','2023-06-11 01:00:50',NULL),(81,19,1887909,1,'2023-06-11 01:01:42','2023-06-11 01:01:42',NULL),(82,14,1948219,1,'2023-06-11 01:01:53','2023-06-11 01:01:53',NULL),(83,14,1841650,1,'2023-06-11 01:02:12','2023-06-11 01:02:12',NULL),(84,19,2173424,1,'2023-06-11 01:02:17','2023-06-11 01:02:17',NULL),(85,14,2086278,1,'2023-06-11 01:02:30','2023-06-11 01:02:30',NULL),(86,14,1904772,1,'2023-06-11 01:03:24','2023-06-11 01:03:24',NULL),(87,14,1852002,1,'2023-06-11 01:03:52','2023-06-11 01:03:52',NULL),(88,19,1904772,1,'2023-06-11 01:04:14','2023-06-11 01:04:14',NULL),(89,14,1952455,1,'2023-06-11 01:10:17','2023-06-11 01:10:17',NULL),(90,13,1907616,1,'2023-06-11 01:10:44','2023-06-11 01:10:44',NULL),(91,14,1914514,1,'2023-06-11 01:11:01','2023-06-11 01:11:01',NULL),(92,14,1658291,1,'2023-06-11 01:11:34','2023-06-11 01:11:34',NULL),(93,14,1960078,1,'2023-06-11 01:12:32','2023-06-11 01:12:32',NULL),(94,14,1985194,1,'2023-06-11 01:13:19','2023-06-11 01:13:19',NULL),(95,19,2011553,1,'2023-06-11 01:13:32','2023-06-11 01:13:32',NULL),(96,19,2132951,1,'2023-06-11 01:14:10','2023-06-11 01:14:10',NULL),(97,14,1595628,1,'2023-06-11 01:14:16','2023-06-11 01:14:16',NULL),(98,19,2086161,1,'2023-06-11 01:14:57','2023-06-11 01:14:57',NULL),(99,14,2021642,1,'2023-06-11 01:15:22','2023-06-11 01:15:22',NULL),(100,19,2026057,1,'2023-06-11 01:15:35','2023-06-11 01:15:35',NULL),(101,14,2086161,1,'2023-06-11 01:15:48','2023-06-11 01:15:48',NULL),(102,19,2041605,1,'2023-06-11 01:16:05','2023-06-11 01:16:05',NULL),(103,19,1968956,1,'2023-06-11 01:16:33','2023-06-11 01:16:33',NULL),(104,14,1960847,1,'2023-06-11 01:16:37','2023-06-11 01:16:37',NULL),(105,19,1945422,1,'2023-06-11 01:16:59','2023-06-11 01:16:59',NULL),(106,19,1947124,1,'2023-06-11 01:17:28','2023-06-11 01:17:28',NULL),(107,14,1903184,1,'2023-06-11 01:17:51','2023-06-11 01:17:51',NULL),(108,19,1960842,1,'2023-06-11 01:17:57','2023-06-11 01:17:57',NULL),(109,12,2047358,1,'2023-06-11 01:18:40','2023-06-11 01:18:40',NULL),(110,12,1948989,1,'2023-06-11 01:19:48','2023-06-11 01:19:48',NULL),(111,14,1957920,1,'2023-06-11 01:20:25','2023-06-11 01:20:25',NULL),(112,14,1558637,1,'2023-06-11 01:21:05','2023-06-11 01:21:05',NULL),(113,14,1961238,1,'2023-06-11 01:21:43','2023-06-11 01:21:43',NULL),(114,14,2049814,1,'2023-06-11 01:22:18','2023-06-11 01:22:18',NULL),(115,17,1952455,1,'2023-06-11 01:22:26','2023-06-11 01:22:26',NULL),(116,17,2047358,1,'2023-06-11 01:22:51','2023-06-11 01:22:51',NULL),(117,14,1869840,1,'2023-06-11 01:23:16','2023-06-11 01:23:16',NULL),(118,17,1958989,1,'2023-06-11 01:23:25','2023-06-11 01:23:25',NULL),(119,14,1918407,1,'2023-06-11 01:23:51','2023-06-11 01:23:51',NULL),(120,17,1902345,1,'2023-06-11 01:24:09','2023-06-11 01:24:09',NULL),(121,14,1642161,1,'2023-06-11 01:24:40','2023-06-11 01:24:40',NULL),(122,17,2132913,1,'2023-06-11 01:24:45','2023-06-11 01:24:45',NULL),(123,17,2026779,1,'2023-06-11 01:25:09','2023-06-11 01:25:09',NULL),(124,17,1994104,1,'2023-06-11 01:25:37','2023-06-11 01:25:37',NULL),(125,17,1962531,1,'2023-06-11 01:26:30','2023-06-11 01:26:30',NULL),(126,14,1719826,1,'2023-06-11 01:26:52','2023-06-11 01:26:52',NULL),(127,17,2011968,1,'2023-06-11 01:27:03','2023-06-11 01:27:03',NULL),(128,14,1850619,1,'2023-06-11 01:27:48','2023-06-11 01:27:48',NULL),(129,17,1841405,1,'2023-06-11 01:28:26','2023-06-11 01:28:26',NULL),(130,14,1902229,1,'2023-06-11 01:29:04','2023-06-11 01:29:04',NULL),(131,17,1962426,1,'2023-06-11 01:29:19','2023-06-11 01:29:19',NULL),(132,17,1909151,1,'2023-06-11 01:29:52','2023-06-11 01:29:52',NULL),(133,17,2042893,1,'2023-06-11 01:30:04','2023-06-11 01:30:04',NULL),(134,17,2008229,1,'2023-06-11 01:30:16','2023-06-11 01:30:16',NULL),(135,11,1719826,1,'2023-06-11 01:30:39','2023-06-11 01:30:39',NULL),(136,17,1731876,1,'2023-06-11 01:30:42','2023-06-11 01:30:42',NULL),(137,17,1907861,1,'2023-06-11 01:30:43','2023-06-11 01:30:43',NULL),(138,17,2052355,1,'2023-06-11 01:31:02','2023-06-11 01:31:02',NULL),(139,11,1850619,1,'2023-06-11 01:31:18','2023-06-11 01:31:18',NULL),(140,11,1902229,1,'2023-06-11 01:31:48','2023-06-11 01:31:48',NULL),(141,17,1928013,1,'2023-06-11 01:31:48','2023-06-11 01:31:48',NULL),(142,11,1960078,1,'2023-06-11 01:32:05','2023-06-11 01:32:05',NULL),(143,17,2025650,1,'2023-06-11 01:32:10','2023-06-11 01:32:10',NULL),(144,17,1956930,1,'2023-06-11 01:32:31','2023-06-11 01:32:31',NULL),(145,11,1957128,1,'2023-06-11 01:32:36','2023-06-11 01:32:36',NULL),(146,17,1994917,1,'2023-06-11 01:32:55','2023-06-11 01:32:55',NULL),(147,11,1855903,1,'2023-06-11 01:33:00','2023-06-11 01:33:00',NULL),(148,17,2086275,1,'2023-06-11 01:33:05','2023-06-11 01:33:05',NULL),(149,17,2086131,1,'2023-06-11 01:33:18','2023-06-11 01:33:18',NULL),(150,11,1945466,1,'2023-06-11 01:33:32','2023-06-11 01:33:32',NULL),(151,17,1913166,1,'2023-06-11 01:33:40','2023-06-11 01:33:40',NULL),(152,11,1941472,1,'2023-06-11 01:33:50','2023-06-11 01:33:50',NULL),(153,17,2009383,1,'2023-06-11 01:34:01','2023-06-11 01:34:01',NULL),(154,11,1745062,1,'2023-06-11 01:34:22','2023-06-11 01:34:22',NULL),(155,17,1941445,1,'2023-06-11 01:34:24','2023-06-11 01:34:24',NULL),(156,17,2034173,1,'2023-06-11 01:34:44','2023-06-11 01:34:44',NULL),(157,11,1949080,1,'2023-06-11 01:34:50','2023-06-11 01:34:50',NULL),(158,17,1744137,1,'2023-06-11 01:34:57','2023-06-11 01:34:57',NULL),(159,17,1968392,1,'2023-06-11 01:35:20','2023-06-11 01:35:20',NULL),(160,17,1747697,1,'2023-06-11 01:35:38','2023-06-11 01:35:38',NULL),(161,11,1810061,1,'2023-06-11 01:35:41','2023-06-11 01:35:41',NULL),(162,17,2008756,1,'2023-06-11 01:36:05','2023-06-11 01:36:05',NULL),(163,11,2016699,1,'2023-06-11 01:36:16','2023-06-11 01:36:16',NULL),(164,17,1852002,1,'2023-06-11 01:36:38','2023-06-11 01:36:38',NULL),(165,17,2009810,1,'2023-06-11 01:36:41','2023-06-11 01:36:41',NULL),(166,11,1798047,1,'2023-06-11 01:36:50','2023-06-11 01:36:50',NULL),(167,17,2086255,1,'2023-06-11 01:37:06','2023-06-11 01:37:06',NULL),(168,17,2045627,1,'2023-06-11 01:37:07','2023-06-11 01:37:07',NULL),(169,17,2132883,1,'2023-06-11 01:37:30','2023-06-11 01:37:30',NULL),(170,17,2062746,1,'2023-06-11 01:37:38','2023-06-11 01:37:38',NULL),(171,11,1804907,1,'2023-06-11 01:37:40','2023-06-11 01:37:40',NULL),(172,17,2003051,1,'2023-06-11 01:38:00','2023-06-11 01:38:00',NULL),(173,11,1912474,1,'2023-06-11 01:38:02','2023-06-11 01:38:02',NULL),(174,17,1853262,1,'2023-06-11 01:38:08','2023-06-11 01:38:08',NULL),(175,11,2058917,1,'2023-06-11 01:38:20','2023-06-11 01:38:20',NULL),(176,17,2001256,1,'2023-06-11 01:38:40','2023-06-11 01:38:40',NULL),(177,17,1614816,1,'2023-06-11 01:38:40','2023-06-11 01:38:40',NULL),(178,11,2003266,1,'2023-06-11 01:38:57','2023-06-11 01:38:57',NULL),(179,11,2015781,1,'2023-06-11 01:39:30','2023-06-11 01:39:30',NULL),(180,17,1909766,1,'2023-06-11 01:39:46','2023-06-11 01:39:46',NULL),(181,17,1752352,1,'2023-06-11 01:39:51','2023-06-11 01:39:51',NULL),(182,11,1811522,1,'2023-06-11 01:40:03','2023-06-11 01:40:03',NULL),(183,11,1990122,1,'2023-06-11 01:40:26','2023-06-11 01:40:26',NULL),(184,17,1750580,1,'2023-06-11 01:40:37','2023-06-11 01:40:37',NULL),(185,17,1994320,1,'2023-06-11 01:40:39','2023-06-11 01:40:39',NULL),(186,17,1740469,1,'2023-06-11 01:41:02','2023-06-11 01:41:02',NULL),(187,11,1670041,1,'2023-06-11 01:41:09','2023-06-11 01:41:09',NULL),(188,17,1960069,1,'2023-06-11 01:41:12','2023-06-11 01:41:12',NULL),(189,11,1968677,1,'2023-06-11 01:41:38','2023-06-11 01:41:38',NULL),(190,17,1927474,1,'2023-06-11 01:41:48','2023-06-11 01:41:48',NULL),(191,17,2015248,1,'2023-06-11 01:41:58','2023-06-11 01:41:58',NULL),(192,17,1687609,1,'2023-06-11 01:42:15','2023-06-11 01:42:15',NULL),(193,11,1625509,1,'2023-06-11 01:42:22','2023-06-11 01:42:22',NULL),(194,17,1811632,1,'2023-06-11 01:42:35','2023-06-11 01:42:35',NULL),(195,11,1996774,1,'2023-06-11 01:42:49','2023-06-11 01:42:49',NULL),(196,17,1970636,1,'2023-06-11 01:42:52','2023-06-11 01:42:52',NULL),(197,17,1995923,1,'2023-06-11 01:42:59','2023-06-11 01:42:59',NULL),(198,11,2065803,1,'2023-06-11 01:43:12','2023-06-11 01:43:12',NULL),(199,17,1740757,1,'2023-06-11 01:43:22','2023-06-11 01:43:22',NULL),(200,11,2086040,1,'2023-06-11 01:43:42','2023-06-11 01:43:42',NULL),(201,17,1894666,1,'2023-06-11 01:43:46','2023-06-11 01:43:46',NULL),(202,17,2021642,1,'2023-06-11 01:44:13','2023-06-11 01:44:13',NULL),(203,11,2046834,1,'2023-06-11 01:44:39','2023-06-11 01:44:39',NULL),(204,11,1444695,1,'2023-06-11 01:45:06','2023-06-11 01:45:06',NULL),(205,17,1841650,1,'2023-06-11 01:45:08','2023-06-11 01:45:08',NULL),(206,17,1664499,1,'2023-06-11 01:45:27','2023-06-11 01:45:27',NULL),(207,11,1334235,1,'2023-06-11 01:45:53','2023-06-11 01:45:53',NULL),(208,11,1985203,1,'2023-06-11 01:46:19','2023-06-11 01:46:19',NULL),(209,11,1797839,1,'2023-06-11 01:46:58','2023-06-11 01:46:58',NULL),(210,11,2122899,1,'2023-06-11 01:47:22','2023-06-11 01:47:22',NULL),(211,13,1638472,1,'2023-06-11 01:49:15','2023-06-11 01:49:15',NULL),(212,11,1915461,1,'2023-06-11 01:50:31','2023-06-11 01:50:31',NULL),(213,11,1915352,1,'2023-06-11 01:51:21','2023-06-11 01:51:21',NULL),(214,11,1595628,1,'2023-06-11 01:51:41','2023-06-11 01:51:41',NULL),(215,11,2006198,1,'2023-06-11 01:52:13','2023-06-11 01:52:13',NULL),(216,11,2132916,1,'2023-06-11 01:53:09','2023-06-11 01:53:09',NULL),(217,13,1744137,1,'2023-06-11 01:57:54','2023-06-11 01:57:54',NULL),(218,17,1642161,1,'2023-06-11 02:07:57','2023-06-11 02:07:57',NULL),(219,13,1862368,1,'2023-06-11 02:33:52','2023-06-11 02:33:52',NULL),(220,13,1947215,1,'2023-06-11 02:34:24','2023-06-11 02:34:24',NULL),(221,13,1663184,1,'2023-06-11 02:35:08','2023-06-11 02:35:08',NULL),(222,13,2076219,1,'2023-06-11 02:36:32','2023-06-11 02:36:32',NULL),(223,13,1740469,1,'2023-06-11 02:37:23','2023-06-11 02:37:23',NULL),(224,13,2052355,1,'2023-06-11 02:41:24','2023-06-11 02:41:24',NULL),(225,10,1958989,1,'2023-06-11 03:28:50','2023-06-11 03:28:50',NULL),(226,10,1910142,1,'2023-06-11 03:29:56','2023-06-11 03:29:56',NULL),(227,10,1952455,1,'2023-06-11 03:30:29','2023-06-11 03:30:29',NULL),(228,10,2064021,1,'2023-06-11 03:31:16','2023-06-11 03:31:16',NULL),(229,10,2001265,1,'2023-06-11 03:31:50','2023-06-11 03:31:50',NULL),(230,10,2086140,1,'2023-06-11 03:32:20','2023-06-11 03:32:20',NULL),(231,10,1986178,1,'2023-06-11 03:32:49','2023-06-11 03:32:49',NULL),(232,10,1956712,1,'2023-06-11 03:33:34','2023-06-11 03:33:34',NULL),(233,10,1865030,1,'2023-06-11 03:34:12','2023-06-11 03:34:12',NULL),(234,10,1957128,1,'2023-06-11 03:34:44','2023-06-11 03:34:44',NULL),(235,10,2076219,1,'2023-06-11 03:35:21','2023-06-11 03:35:21',NULL),(236,10,1887909,1,'2023-06-11 03:36:30','2023-06-11 03:36:30',NULL),(237,10,2001476,1,'2023-06-11 03:36:56','2023-06-11 03:36:56',NULL),(238,10,1947674,1,'2023-06-11 03:36:59','2023-06-11 03:36:59',NULL),(239,10,2173424,1,'2023-06-11 03:37:45','2023-06-11 03:37:45',NULL),(240,10,1960069,1,'2023-06-11 03:37:52','2023-06-11 03:37:52',NULL),(241,10,1819652,1,'2023-06-11 03:38:24','2023-06-11 03:38:24',NULL),(242,10,1904850,1,'2023-06-11 03:39:13','2023-06-11 03:39:13',NULL),(243,10,1920878,1,'2023-06-11 03:39:27','2023-06-11 03:39:27',NULL),(244,10,1962426,1,'2023-06-11 03:40:02','2023-06-11 03:40:02',NULL),(245,10,1996327,1,'2023-06-11 03:40:05','2023-06-11 03:40:05',NULL),(246,10,2003266,1,'2023-06-11 03:41:00','2023-06-11 03:41:00',NULL),(247,10,2011553,1,'2023-06-11 03:41:13','2023-06-11 03:41:13',NULL),(248,17,1862003,1,'2023-06-11 03:42:13','2023-06-11 03:42:13',NULL),(249,10,1862317,1,'2023-06-11 03:42:43','2023-06-11 03:42:43',NULL),(250,10,1862003,1,'2023-06-11 03:42:48','2023-06-11 03:42:48',NULL),(251,10,1956992,1,'2023-06-11 03:43:28','2023-06-11 03:43:28',NULL),(252,10,1868406,1,'2023-06-11 03:44:39','2023-06-11 03:44:39',NULL),(253,10,1909726,1,'2023-06-11 03:44:43','2023-06-11 03:44:43',NULL),(254,10,2052355,1,'2023-06-11 03:45:28','2023-06-11 03:45:28',NULL),(255,10,1926276,1,'2023-06-11 03:45:43','2023-06-11 03:45:43',NULL),(256,10,1747697,1,'2023-06-11 03:45:57','2023-06-11 03:45:57',NULL),(257,10,2132951,1,'2023-06-11 03:46:07','2023-06-11 03:46:07',NULL),(258,10,2076458,1,'2023-06-11 03:46:36','2023-06-11 03:46:36',NULL),(259,10,2057685,1,'2023-06-11 03:47:02','2023-06-11 03:47:02',NULL),(260,10,1638482,1,'2023-06-11 03:47:13','2023-06-11 03:47:13',NULL),(261,10,1810061,1,'2023-06-11 03:47:44','2023-06-11 03:47:44',NULL),(262,10,2082941,1,'2023-06-11 03:48:11','2023-06-11 03:48:11',NULL),(263,10,2026718,1,'2023-06-11 03:48:17','2023-06-11 03:48:17',NULL),(264,10,1913166,1,'2023-06-11 03:48:41','2023-06-11 03:48:41',NULL),(265,10,1898240,1,'2023-06-11 03:48:45','2023-06-11 03:48:45',NULL),(266,10,1727077,1,'2023-06-11 03:48:48','2023-06-11 03:48:48',NULL),(267,10,2086072,1,'2023-06-11 03:49:29','2023-06-11 03:49:29',NULL),(268,10,2049563,1,'2023-06-11 03:49:58','2023-06-11 03:49:58',NULL),(269,10,1996239,1,'2023-06-11 03:50:00','2023-06-11 03:50:00',NULL),(270,10,2076186,1,'2023-06-11 03:50:33','2023-06-11 03:50:33',NULL),(271,10,1867610,1,'2023-06-11 03:51:19','2023-06-11 03:51:19',NULL),(272,10,2132883,1,'2023-06-11 03:51:19','2023-06-11 03:51:19',NULL),(273,10,1731876,1,'2023-06-11 03:51:48','2023-06-11 03:51:48',NULL),(274,10,2038118,1,'2023-06-11 03:51:55','2023-06-11 03:51:55',NULL),(275,10,1946053,1,'2023-06-11 03:52:33','2023-06-11 03:52:33',NULL),(276,10,2002966,1,'2023-06-11 03:53:05','2023-06-11 03:53:05',NULL),(277,10,2076461,1,'2023-06-11 03:56:48','2023-06-11 03:56:48',NULL),(278,10,2086278,1,'2023-06-11 03:57:29','2023-06-11 03:57:29',NULL),(279,10,2015781,1,'2023-06-11 03:58:25','2023-06-11 03:58:25',NULL),(280,10,2009810,1,'2023-06-11 04:37:00','2023-06-11 04:37:00',NULL),(281,15,2009810,1,'2023-06-11 04:37:26','2023-06-11 04:37:26',NULL),(282,15,1902345,1,'2023-06-11 04:45:00','2023-06-11 04:45:00',NULL),(283,15,1909766,1,'2023-06-11 04:46:09','2023-06-11 04:46:09',NULL),(284,15,1919203,1,'2023-06-11 04:46:39','2023-06-11 04:46:39',NULL),(285,16,20266779,1,'2023-06-11 04:47:42','2023-06-11 04:47:42',NULL),(286,15,1862317,1,'2023-06-11 04:47:54','2023-06-11 04:47:54',NULL),(287,16,2086268,1,'2023-06-11 04:48:12','2023-06-11 04:48:12',NULL),(288,15,2086140,1,'2023-06-11 04:48:30','2023-06-11 04:48:30',NULL),(289,16,1972507,1,'2023-06-11 04:48:38','2023-06-11 04:48:38',NULL),(290,15,1898110,1,'2023-06-11 04:49:06','2023-06-11 04:49:06',NULL),(291,16,1841405,1,'2023-06-11 04:49:09','2023-06-11 04:49:09',NULL),(292,15,1947215,1,'2023-06-11 04:49:46','2023-06-11 04:49:46',NULL),(293,16,2071910,1,'2023-06-11 04:49:54','2023-06-11 04:49:54',NULL),(294,15,1960069,1,'2023-06-11 04:50:10','2023-06-11 04:50:10',NULL),(295,16,2133201,1,'2023-06-11 04:50:19','2023-06-11 04:50:19',NULL),(296,15,1849760,1,'2023-06-11 04:51:04','2023-06-11 04:51:04',NULL),(297,16,2132951,1,'2023-06-11 04:51:33','2023-06-11 04:51:33',NULL),(298,15,1859968,1,'2023-06-11 04:51:41','2023-06-11 04:51:41',NULL),(299,15,1994917,1,'2023-06-11 04:52:29','2023-06-11 04:52:29',NULL),(300,16,1914120,1,'2023-06-11 04:52:36','2023-06-11 04:52:36',NULL),(301,15,2086131,1,'2023-06-11 04:53:09','2023-06-11 04:53:09',NULL),(302,16,1810061,1,'2023-06-11 04:53:26','2023-06-11 04:53:26',NULL),(303,16,1900168,1,'2023-06-11 04:54:03','2023-06-11 04:54:03',NULL),(304,15,1913166,1,'2023-06-11 04:54:07','2023-06-11 04:54:07',NULL),(305,16,2132916,1,'2023-06-11 04:54:46','2023-06-11 04:54:46',NULL),(306,15,1804907,1,'2023-06-11 04:54:58','2023-06-11 04:54:58',NULL),(307,16,2086072,1,'2023-06-11 04:55:20','2023-06-11 04:55:20',NULL),(308,15,1928013,1,'2023-06-11 04:56:00','2023-06-11 04:56:00',NULL),(309,16,2086161,1,'2023-06-11 04:56:24','2023-06-11 04:56:24',NULL),(310,15,1907926,1,'2023-06-11 04:56:52','2023-06-11 04:56:52',NULL),(311,16,2086041,1,'2023-06-11 04:57:02','2023-06-11 04:57:02',NULL),(312,16,1849166,1,'2023-06-11 04:57:46','2023-06-11 04:57:46',NULL),(313,16,2046795,1,'2023-06-11 04:58:43','2023-06-11 04:58:43',NULL),(314,15,2064445,1,'2023-06-11 04:58:59','2023-06-11 04:58:59',NULL),(315,16,1852002,1,'2023-06-11 04:59:34','2023-06-11 04:59:34',NULL),(316,15,1953114,1,'2023-06-11 04:59:48','2023-06-11 04:59:48',NULL),(317,15,1857368,1,'2023-06-11 05:00:48','2023-06-11 05:00:48',NULL),(318,15,1811522,1,'2023-06-11 05:01:39','2023-06-11 05:01:39',NULL),(319,15,2011804,1,'2023-06-11 05:02:16','2023-06-11 05:02:16',NULL),(320,16,1664499,1,'2023-06-11 05:02:16','2023-06-11 05:02:16',NULL),(321,15,1990122,1,'2023-06-11 05:02:45','2023-06-11 05:02:45',NULL),(322,16,1679570,1,'2023-06-11 05:03:12','2023-06-11 05:03:12',NULL),(323,15,2003051,1,'2023-06-11 05:03:14','2023-06-11 05:03:14',NULL),(324,16,1852034,1,'2023-06-11 05:04:04','2023-06-11 05:04:04',NULL),(325,16,1899432,1,'2023-06-11 05:05:03','2023-06-11 05:05:03',NULL),(326,15,1908245,1,'2023-06-11 05:05:08','2023-06-11 05:05:08',NULL),(327,16,1990035,1,'2023-06-11 05:05:48','2023-06-11 05:05:48',NULL),(328,15,1994320,1,'2023-06-11 05:06:44','2023-06-11 05:06:44',NULL),(329,16,2063941,1,'2023-06-11 05:06:47','2023-06-11 05:06:47',NULL),(330,15,1663184,1,'2023-06-11 05:07:29','2023-06-11 05:07:29',NULL),(331,16,2086040,1,'2023-06-11 05:07:37','2023-06-11 05:07:37',NULL),(332,16,1805181,1,'2023-06-11 05:08:48','2023-06-11 05:08:48',NULL),(333,15,1855940,1,'2023-06-11 05:09:05','2023-06-11 05:09:05',NULL),(334,16,1869136,1,'2023-06-11 05:09:19','2023-06-11 05:09:19',NULL),(335,16,2008229,1,'2023-06-11 05:09:40','2023-06-11 05:09:40',NULL),(336,15,1946401,1,'2023-06-11 05:09:46','2023-06-11 05:09:46',NULL),(337,16,1920878,1,'2023-06-11 05:10:10','2023-06-11 05:10:10',NULL),(338,15,2086016,1,'2023-06-11 05:10:19','2023-06-11 05:10:19',NULL),(339,16,2086104,1,'2023-06-11 05:10:39','2023-06-11 05:10:39',NULL),(340,15,1687609,1,'2023-06-11 05:10:50','2023-06-11 05:10:50',NULL),(341,16,1995923,1,'2023-06-11 05:11:22','2023-06-11 05:11:22',NULL),(342,16,1902402,1,'2023-06-11 05:11:42','2023-06-11 05:11:42',NULL),(343,15,1740757,1,'2023-06-11 05:11:45','2023-06-11 05:11:45',NULL),(344,16,1941445,1,'2023-06-11 05:12:12','2023-06-11 05:12:12',NULL),(345,16,2003723,1,'2023-06-11 05:12:37','2023-06-11 05:12:37',NULL),(346,15,2025018,1,'2023-06-11 05:12:40','2023-06-11 05:12:40',NULL),(347,15,2015248,1,'2023-06-11 05:13:49','2023-06-11 05:13:49',NULL),(348,16,1986397,1,'2023-06-11 05:13:58','2023-06-11 05:13:58',NULL),(349,16,2022536,1,'2023-06-11 05:14:29','2023-06-11 05:14:29',NULL),(350,15,1867173,1,'2023-06-11 05:14:45','2023-06-11 05:14:45',NULL),(351,16,1968392,1,'2023-06-11 05:14:52','2023-06-11 05:14:52',NULL),(352,15,2132865,1,'2023-06-11 05:15:19','2023-06-11 05:15:19',NULL),(353,15,1964304,1,'2023-06-11 05:16:19','2023-06-11 05:16:19',NULL),(354,15,1670041,1,'2023-06-11 05:16:57','2023-06-11 05:16:57',NULL),(355,15,1848946,1,'2023-06-11 05:17:38','2023-06-11 05:17:38',NULL),(356,15,2001215,1,'2023-06-11 05:18:02','2023-06-11 05:18:02',NULL),(357,15,2059700,1,'2023-06-11 05:18:54','2023-06-11 05:18:54',NULL),(358,15,2016699,1,'2023-06-11 05:19:38','2023-06-11 05:19:38',NULL),(359,15,2050039,1,'2023-06-11 05:20:13','2023-06-11 05:20:13',NULL),(360,15,2086045,1,'2023-06-11 05:20:33','2023-06-11 05:20:33',NULL),(361,15,1986397,1,'2023-06-11 05:21:20','2023-06-11 05:21:20',NULL),(362,13,1664499,1,'2023-06-12 23:19:48','2023-06-12 23:19:48',NULL),(363,13,1913166,1,'2023-06-12 23:20:58','2023-06-12 23:20:58',NULL);
/*!40000 ALTER TABLE `event_students` ENABLE KEYS */;
UNLOCK TABLES;

--
-- Table structure for table `events`
--

DROP TABLE IF EXISTS `events`;
/*!40101 SET @saved_cs_client     = @@character_set_client */;
/*!40101 SET character_set_client = utf8 */;
CREATE TABLE `events` (
  `id` bigint(20) unsigned NOT NULL AUTO_INCREMENT,
  `eventName` varchar(100) COLLATE utf8mb4_unicode_ci NOT NULL,
  `date` date NOT NULL,
  `startTime` time NOT NULL,
  `endTime` time NOT NULL,
  `typeEvent` varchar(100) COLLATE utf8mb4_unicode_ci NOT NULL,
  `image` varchar(500) COLLATE utf8mb4_unicode_ci NOT NULL,
  `created_at` timestamp NULL DEFAULT NULL,
  `updated_at` timestamp NULL DEFAULT NULL,
  `deleted_at` timestamp NULL DEFAULT NULL,
  PRIMARY KEY (`id`)
) ENGINE=InnoDB AUTO_INCREMENT=23 DEFAULT CHARSET=utf8mb4 COLLATE=utf8mb4_unicode_ci;
/*!40101 SET character_set_client = @saved_cs_client */;

--
-- Dumping data for table `events`
--

LOCK TABLES `events` WRITE;
/*!40000 ALTER TABLE `events` DISABLE KEYS */;
INSERT INTO `events` (`id`, `eventName`, `date`, `startTime`, `endTime`, `typeEvent`, `image`, `created_at`, `updated_at`, `deleted_at`) VALUES (10,'DOBLAJE PASIÓN Y VIDA','2023-06-10','15:00:00','16:00:00','Conferencia','1686065560_POSTER_JOSÉ LUIS OROZCO V2.png','2023-06-06 21:32:40','2023-06-06 21:55:17',NULL),(11,'DIBUJANDO MIS SUEÑOS','2023-06-10','13:00:00','14:00:00','Conferencia','1686066128_POSTER_ALEX_CARRILLO.png','2023-06-06 21:42:08','2023-06-06 21:55:30',NULL),(12,'EXTENDED REALITY APPLIED','2023-06-10','11:00:00','12:00:00','Conferencia','1686066483_POSTER_CONFERENCIA_ALEJANDROORONA_V2.png','2023-06-06 21:48:03','2023-06-06 21:56:39',NULL),(13,'EXPERIENCIA DE USUARIO(UX) EN LA CONSTRUCCIÓN DE PRODUCTOS DIGITALES','2023-06-10','12:00:00','13:00:00','Conferencia','1686066748_POSTER_CONFERENCIA_ALICE VELMAS_V2.png','2023-06-06 21:52:28','2023-06-06 22:04:06',NULL),(14,'DE UNA SEMILLA NACE UNA HISTORIA','2023-06-10','12:00:00','13:00:00','Conferencia','1686066893_POSTER_CONFERENCIA_ANTONIORAMOS_V2.png','2023-06-06 21:54:53','2023-06-06 21:54:53',NULL),(15,'MASTERCLASS: UNREAL ENGINE: NUEVA ERA','2023-06-10','16:00:00','17:30:00','Master Class','1686067602_POSTER_CONFERENCIA_HERNANBASSO_V2.png','2023-06-06 22:06:42','2023-06-06 22:06:42',NULL),(16,'FROM IDEA TO SCREEN: DEVELOPING, WRITING AND DIRECTING A FILM','2023-06-10','16:30:00','17:30:00','Conferencia','1686067861_POSTER_CONFERENCIA_MICHAELNOONAN_V2.png','2023-06-06 22:11:01','2023-06-06 22:11:01',NULL),(17,'INDIE GAME DEVELOPMENT ULTRA LMAD','2023-06-10','13:00:00','14:00:00','Conferencia','1686067975_POSTER_CONFERENCIA_NELSON_V2.png','2023-06-06 22:12:55','2023-06-06 22:12:55',NULL),(18,'LA IMAGEN A TRAVÉS DE LA LUZ: CÓMO ILUMINAR LA ESCENA','2023-06-10','11:00:00','12:00:00','Conferencia','1686068122_POSTER_CONFERENCIA_RAULREYNA_V2.png','2023-06-06 22:15:22','2023-06-06 22:15:22',NULL),(19,'TALLER: CREANDO UN WEBCÓMIC','2023-06-10','13:00:00','14:00:00','Otro','1686068248_POSTER_TALLER_EDGAR.png','2023-06-06 22:17:28','2023-06-06 22:18:13',NULL),(20,'TALLER: APRENDE A PROGRAMAR CON CODEWARS','2023-06-10','12:00:00','13:00:00','Otro','1686068367_POSTER_TALLER_JERSON.png','2023-06-06 22:19:27','2023-06-06 22:19:27',NULL),(21,'TALLER: ESPACIOS VIRTUALES PARA TELEVISIÓN','2023-06-10','11:00:00','12:00:00','Otro','1686068521_POSTER_TALLER_JUANCARLOS.png','2023-06-06 22:22:01','2023-06-06 22:22:01',NULL),(22,'TRANSMISIÓN: CREACIÓN DE VEGETACIÓN PARA PELÍCULAS','2023-06-10','11:00:00','12:00:00','Otro','1686068635_WhatsApp Image 2023-06-06 at 9.22.38 AM.jpeg','2023-06-06 22:23:55','2023-06-06 22:23:55',NULL);
/*!40000 ALTER TABLE `events` ENABLE KEYS */;
UNLOCK TABLES;

--
-- Table structure for table `external_people`
--

DROP TABLE IF EXISTS `external_people`;
/*!40101 SET @saved_cs_client     = @@character_set_client */;
/*!40101 SET character_set_client = utf8 */;
CREATE TABLE `external_people` (
  `id` bigint(20) unsigned NOT NULL AUTO_INCREMENT,
  `fullName` varchar(100) COLLATE utf8mb4_unicode_ci NOT NULL,
  `genre` enum('female','male','they') COLLATE utf8mb4_unicode_ci NOT NULL,
  `created_at` timestamp NULL DEFAULT NULL,
  `updated_at` timestamp NULL DEFAULT NULL,
  `deleted_at` timestamp NULL DEFAULT NULL,
  PRIMARY KEY (`id`)
) ENGINE=InnoDB AUTO_INCREMENT=40 DEFAULT CHARSET=utf8mb4 COLLATE=utf8mb4_unicode_ci;
/*!40101 SET character_set_client = @saved_cs_client */;

--
-- Dumping data for table `external_people`
--

LOCK TABLES `external_people` WRITE;
/*!40000 ALTER TABLE `external_people` DISABLE KEYS */;
INSERT INTO `external_people` (`id`, `fullName`, `genre`, `created_at`, `updated_at`, `deleted_at`) VALUES (7,'JUAN ÁNGEL GARZA LÓPEZ','male','2023-06-10 23:30:33','2023-06-10 23:30:33',NULL),(8,'JESÚS HERNÁN ROMERO SANDOVAL','male','2023-06-10 23:31:33','2023-06-10 23:31:33',NULL),(9,'ANDREA TREVIÑO GRANADOS','female','2023-06-10 23:32:46','2023-06-10 23:32:46',NULL),(10,'ALAN GABRIEL SAUCEDO GALIERO','male','2023-06-10 23:33:12','2023-06-10 23:33:12',NULL),(11,'ISAAC ALONSO PÉREZ ISAAC','male','2023-06-10 23:33:43','2023-06-10 23:33:43',NULL),(12,'JESSICA GARCÍA','female','2023-06-11 00:28:42','2023-06-11 00:28:42',NULL),(13,'OSVALDO TIJERINA GARCIA','male','2023-06-11 00:37:53','2023-06-11 00:37:53',NULL),(14,'HELENA TIJERINA ALVARADO','female','2023-06-11 00:38:07','2023-06-11 00:38:07',NULL),(15,'ANGEL TIJERINA PEREDA','male','2023-06-11 00:38:32','2023-06-11 00:38:32',NULL),(16,'VALERIA ALVARADO ALVARADO','male','2023-06-11 00:39:11','2023-06-11 00:39:11',NULL),(17,'ERICK ANTONIO FLORES BRISEÑO','male','2023-06-11 00:40:45','2023-06-11 00:40:45',NULL),(18,'DIEGO SANCHEZ AREAGA','male','2023-06-11 00:41:08','2023-06-11 00:41:08',NULL),(19,'IVANA MONTERO','female','2023-06-11 00:41:33','2023-06-11 00:41:33',NULL),(20,'FERNÁNDEZ MANZANILLA DANTE OMAR','male','2023-06-11 00:42:03','2023-06-11 00:42:03',NULL),(21,'JORGE MARTINEZ','male','2023-06-11 00:42:17','2023-06-11 00:42:17',NULL),(22,'MENDEZ ESTRADA ERICK FRANCO','female','2023-06-11 00:42:45','2023-06-11 00:42:45',NULL),(23,'DAVID ELIZONDO','male','2023-06-11 00:43:11','2023-06-11 00:43:11',NULL),(24,'LUNA DELGADO PRISILA BERENICE','female','2023-06-11 00:43:31','2023-06-11 00:43:31',NULL),(25,'JORGE EMILIO OVALLE ESCOBEDO','male','2023-06-11 00:43:51','2023-06-11 00:43:51',NULL),(26,'OSCAR ALEJANDRO GARCIA GOMEZ','male','2023-06-11 00:44:07','2023-06-11 00:44:07',NULL),(27,'MIGUEL ANGEL DELEON SALDIVAR','male','2023-06-11 00:44:33','2023-06-11 00:44:33',NULL),(28,'LUIS CARLOS EURA JUSREZ','male','2023-06-11 00:44:52','2023-06-11 00:44:52',NULL),(29,'JOHAN ANTONIO GARCIA VÁZQUEZ','male','2023-06-11 00:45:18','2023-06-11 00:45:18',NULL),(30,'GLENDA CARLA ORDAÑO SURAÑO','female','2023-06-11 00:46:14','2023-06-11 00:46:14',NULL),(31,'FUENTES AGUILAR MARIA ADRIANA','female','2023-06-11 01:18:27','2023-06-11 01:18:27',NULL),(32,'MONTERO PEREZ IOVANNA','female','2023-06-11 01:18:49','2023-06-11 01:18:49',NULL),(33,'REYES RANGEL DANIEL','male','2023-06-11 01:19:13','2023-06-11 01:19:13',NULL),(34,'CAPISTRAN FUENTES SALVADOR EMILIANO','male','2023-06-11 01:19:43','2023-06-11 01:19:43',NULL),(35,'JOSEFINA RAMIREZ SANDOVAL','female','2023-06-11 01:22:44','2023-06-11 01:22:44',NULL),(36,'GERMANO RIOS ROSAS','male','2023-06-11 01:24:08','2023-06-11 01:24:08',NULL),(37,'CARVAJAL RODRIGUEZ NANCY ALEJANDRA','female','2023-06-11 01:28:23','2023-06-11 01:28:23',NULL),(38,'ERIKA LORENA ZAMORA ORTIZ','female','2023-06-11 01:29:19','2023-06-11 01:29:19',NULL),(39,'VICTOR JESUS ARTEAGA GONZÁLEZ','male','2023-06-11 01:47:53','2023-06-11 01:47:53',NULL);
/*!40000 ALTER TABLE `external_people` ENABLE KEYS */;
UNLOCK TABLES;

--
-- Table structure for table `external_people_events`
--

DROP TABLE IF EXISTS `external_people_events`;
/*!40101 SET @saved_cs_client     = @@character_set_client */;
/*!40101 SET character_set_client = utf8 */;
CREATE TABLE `external_people_events` (
  `id` bigint(20) unsigned NOT NULL AUTO_INCREMENT,
  `externalPeople` bigint(20) unsigned NOT NULL,
  `event` bigint(20) unsigned NOT NULL,
  `attended` tinyint(1) NOT NULL,
  `created_at` timestamp NULL DEFAULT NULL,
  `updated_at` timestamp NULL DEFAULT NULL,
  `deleted_at` timestamp NULL DEFAULT NULL,
  PRIMARY KEY (`id`),
  KEY `external_people_events_externalpeople_foreign` (`externalPeople`),
  KEY `external_people_events_event_foreign` (`event`),
  CONSTRAINT `external_people_events_event_foreign` FOREIGN KEY (`event`) REFERENCES `events` (`id`),
  CONSTRAINT `external_people_events_externalpeople_foreign` FOREIGN KEY (`externalPeople`) REFERENCES `external_people` (`id`)
) ENGINE=InnoDB AUTO_INCREMENT=40 DEFAULT CHARSET=utf8mb4 COLLATE=utf8mb4_unicode_ci;
/*!40101 SET character_set_client = @saved_cs_client */;

--
-- Dumping data for table `external_people_events`
--

LOCK TABLES `external_people_events` WRITE;
/*!40000 ALTER TABLE `external_people_events` DISABLE KEYS */;
INSERT INTO `external_people_events` (`id`, `externalPeople`, `event`, `attended`, `created_at`, `updated_at`, `deleted_at`) VALUES (7,7,12,1,'2023-06-10 23:30:33','2023-06-10 23:30:33',NULL),(8,8,12,1,'2023-06-10 23:31:33','2023-06-10 23:31:33',NULL),(9,9,12,1,'2023-06-10 23:32:46','2023-06-10 23:32:46',NULL),(10,10,12,1,'2023-06-10 23:33:12','2023-06-10 23:33:12',NULL),(11,11,12,1,'2023-06-10 23:33:43','2023-06-10 23:33:43',NULL),(12,12,13,1,'2023-06-11 00:28:42','2023-06-11 00:28:42',NULL),(13,13,18,1,'2023-06-11 00:37:53','2023-06-11 00:37:53',NULL),(14,14,18,1,'2023-06-11 00:38:07','2023-06-11 00:38:07',NULL),(15,15,18,1,'2023-06-11 00:38:32','2023-06-11 00:38:32',NULL),(16,16,18,1,'2023-06-11 00:39:11','2023-06-11 00:39:11',NULL),(17,17,18,1,'2023-06-11 00:40:45','2023-06-11 00:40:45',NULL),(18,18,18,1,'2023-06-11 00:41:08','2023-06-11 00:41:08',NULL),(19,19,18,1,'2023-06-11 00:41:33','2023-06-11 00:41:33',NULL),(20,20,18,1,'2023-06-11 00:42:03','2023-06-11 00:42:03',NULL),(21,21,18,1,'2023-06-11 00:42:17','2023-06-11 00:42:17',NULL),(22,22,18,1,'2023-06-11 00:42:45','2023-06-11 00:42:45',NULL),(23,23,18,1,'2023-06-11 00:43:11','2023-06-11 00:43:11',NULL),(24,24,18,1,'2023-06-11 00:43:31','2023-06-11 00:43:31',NULL),(25,25,18,1,'2023-06-11 00:43:51','2023-06-11 00:43:51',NULL),(26,26,18,1,'2023-06-11 00:44:07','2023-06-11 00:44:07',NULL),(27,27,18,1,'2023-06-11 00:44:33','2023-06-11 00:44:33',NULL),(28,28,18,1,'2023-06-11 00:44:52','2023-06-11 00:44:52',NULL),(29,29,18,1,'2023-06-11 00:45:18','2023-06-11 00:45:18',NULL),(30,30,18,1,'2023-06-11 00:46:14','2023-06-11 00:46:14',NULL),(31,31,19,1,'2023-06-11 01:18:27','2023-06-11 01:18:27',NULL),(32,32,19,1,'2023-06-11 01:18:49','2023-06-11 01:18:49',NULL),(33,33,19,1,'2023-06-11 01:19:13','2023-06-11 01:19:13',NULL),(34,34,19,1,'2023-06-11 01:19:43','2023-06-11 01:19:43',NULL),(35,35,14,1,'2023-06-11 01:22:44','2023-06-11 01:22:44',NULL),(36,36,14,1,'2023-06-11 01:24:09','2023-06-11 01:24:09',NULL),(37,37,14,1,'2023-06-11 01:28:23','2023-06-11 01:28:23',NULL),(38,38,17,1,'2023-06-11 01:29:19','2023-06-11 01:29:19',NULL),(39,39,11,1,'2023-06-11 01:47:53','2023-06-11 01:47:53',NULL);
/*!40000 ALTER TABLE `external_people_events` ENABLE KEYS */;
UNLOCK TABLES;

--
-- Table structure for table `guests`
--

DROP TABLE IF EXISTS `guests`;
/*!40101 SET @saved_cs_client     = @@character_set_client */;
/*!40101 SET character_set_client = utf8 */;
CREATE TABLE `guests` (
  `id` bigint(20) unsigned NOT NULL AUTO_INCREMENT,
  `fullName` varchar(255) COLLATE utf8mb4_unicode_ci NOT NULL,
  `company` bigint(20) unsigned DEFAULT NULL,
  `created_at` timestamp NULL DEFAULT NULL,
  `updated_at` timestamp NULL DEFAULT NULL,
  `deleted_at` timestamp NULL DEFAULT NULL,
  PRIMARY KEY (`id`),
  KEY `guests_company_foreign` (`company`),
  CONSTRAINT `guests_company_foreign` FOREIGN KEY (`company`) REFERENCES `companies` (`id`)
) ENGINE=InnoDB AUTO_INCREMENT=17 DEFAULT CHARSET=utf8mb4 COLLATE=utf8mb4_unicode_ci;
/*!40101 SET character_set_client = @saved_cs_client */;

--
-- Dumping data for table `guests`
--

LOCK TABLES `guests` WRITE;
/*!40000 ALTER TABLE `guests` DISABLE KEYS */;
INSERT INTO `guests` (`id`, `fullName`, `company`, `created_at`, `updated_at`, `deleted_at`) VALUES (4,'José Luis Orozco',NULL,'2023-06-06 21:31:16','2023-06-06 21:31:16',NULL),(5,'Alex Carrillo',4,'2023-06-06 21:40:25','2023-06-06 21:40:25',NULL),(6,'Alejandro Díaz Orona',NULL,'2023-06-06 21:44:20','2023-06-06 21:44:20',NULL),(7,'Alice Vielmas',NULL,'2023-06-06 21:49:37','2023-06-06 21:49:37',NULL),(8,'Antonio Ramos Revillas',NULL,'2023-06-06 21:53:56','2023-06-06 21:53:56',NULL),(9,'Hernán Basso',NULL,'2023-06-06 21:59:14','2023-06-06 21:59:14',NULL),(10,'Michael Noonan',NULL,'2023-06-06 22:07:20','2023-06-06 22:07:20',NULL),(11,'Nelson Martínez',NULL,'2023-06-06 22:08:14','2023-06-06 22:08:14',NULL),(12,'Raúl Reyna',NULL,'2023-06-06 22:09:04','2023-06-06 22:09:04',NULL),(13,'Edgar Alejandro',NULL,'2023-06-06 22:10:00','2023-06-06 22:10:00',NULL),(14,'Jerson Aldair Gamez',NULL,'2023-06-06 22:10:44','2023-06-06 22:10:44',NULL),(15,'Juan Carlos Rodríguez',NULL,'2023-06-06 22:11:31','2023-06-06 22:11:31',NULL),(16,'Griselda Montenegro',NULL,'2023-06-06 22:12:06','2023-06-06 22:12:06',NULL);
/*!40000 ALTER TABLE `guests` ENABLE KEYS */;
UNLOCK TABLES;

--
-- Table structure for table `migrations`
--

DROP TABLE IF EXISTS `migrations`;
/*!40101 SET @saved_cs_client     = @@character_set_client */;
/*!40101 SET character_set_client = utf8 */;
CREATE TABLE `migrations` (
  `id` int(10) unsigned NOT NULL AUTO_INCREMENT,
  `migration` varchar(255) COLLATE utf8mb4_unicode_ci NOT NULL,
  `batch` int(11) NOT NULL,
  PRIMARY KEY (`id`)
) ENGINE=InnoDB AUTO_INCREMENT=15 DEFAULT CHARSET=utf8mb4 COLLATE=utf8mb4_unicode_ci;
/*!40101 SET character_set_client = @saved_cs_client */;

--
-- Dumping data for table `migrations`
--

LOCK TABLES `migrations` WRITE;
/*!40000 ALTER TABLE `migrations` DISABLE KEYS */;
INSERT INTO `migrations` (`id`, `migration`, `batch`) VALUES (1,'001_2014_10_12_000000_create_users_table',1),(2,'003_2022_12_13_170231_create_external_people_table',1),(3,'004_2022_12_13_170452_create_companies_table',1),(4,'005_2022_12_13_170423_create_guests_table',1),(5,'006_2022_12_13_171001_create_projects_table',1),(6,'007_2022_12_15_175415_create_students_table',1),(7,'008_2022_12_13_174106_create_project_students_table',1),(8,'009_2023_01_12_185245_create_teachers_table',1),(9,'010_2023_01_20_163223_create_company_people_table',1),(10,'011_2023_02_14_211125_create_events_table',1),(11,'012_2023_02_14_185822_create_event_guests_table',1),(12,'013_2023_02_14_212239_create_event_students_table',1),(13,'014_2023_02_14_213706_create_external_people_events_table',1),(14,'2019_12_14_000001_create_personal_access_tokens_table',1);
/*!40000 ALTER TABLE `migrations` ENABLE KEYS */;
UNLOCK TABLES;

--
-- Table structure for table `personal_access_tokens`
--

DROP TABLE IF EXISTS `personal_access_tokens`;
/*!40101 SET @saved_cs_client     = @@character_set_client */;
/*!40101 SET character_set_client = utf8 */;
CREATE TABLE `personal_access_tokens` (
  `id` bigint(20) unsigned NOT NULL AUTO_INCREMENT,
  `tokenable_type` varchar(255) COLLATE utf8mb4_unicode_ci NOT NULL,
  `tokenable_id` bigint(20) unsigned NOT NULL,
  `name` varchar(255) COLLATE utf8mb4_unicode_ci NOT NULL,
  `token` varchar(64) COLLATE utf8mb4_unicode_ci NOT NULL,
  `abilities` text COLLATE utf8mb4_unicode_ci,
  `last_used_at` timestamp NULL DEFAULT NULL,
  `expires_at` timestamp NULL DEFAULT NULL,
  `created_at` timestamp NULL DEFAULT NULL,
  `updated_at` timestamp NULL DEFAULT NULL,
  PRIMARY KEY (`id`),
  UNIQUE KEY `personal_access_tokens_token_unique` (`token`),
  KEY `personal_access_tokens_tokenable_type_tokenable_id_index` (`tokenable_type`,`tokenable_id`)
) ENGINE=InnoDB DEFAULT CHARSET=utf8mb4 COLLATE=utf8mb4_unicode_ci;
/*!40101 SET character_set_client = @saved_cs_client */;

--
-- Dumping data for table `personal_access_tokens`
--

LOCK TABLES `personal_access_tokens` WRITE;
/*!40000 ALTER TABLE `personal_access_tokens` DISABLE KEYS */;
/*!40000 ALTER TABLE `personal_access_tokens` ENABLE KEYS */;
UNLOCK TABLES;

--
-- Table structure for table `project_students`
--

DROP TABLE IF EXISTS `project_students`;
/*!40101 SET @saved_cs_client     = @@character_set_client */;
/*!40101 SET character_set_client = utf8 */;
CREATE TABLE `project_students` (
  `id` bigint(20) unsigned NOT NULL AUTO_INCREMENT,
  `project` bigint(20) unsigned NOT NULL,
  `student` bigint(20) unsigned NOT NULL,
  `attended` tinyint(1) NOT NULL,
  `created_at` timestamp NULL DEFAULT NULL,
  `updated_at` timestamp NULL DEFAULT NULL,
  `deleted_at` timestamp NULL DEFAULT NULL,
  PRIMARY KEY (`id`),
  KEY `project_students_project_foreign` (`project`),
  KEY `project_students_student_foreign` (`student`),
  CONSTRAINT `project_students_project_foreign` FOREIGN KEY (`project`) REFERENCES `projects` (`id`),
  CONSTRAINT `project_students_student_foreign` FOREIGN KEY (`student`) REFERENCES `students` (`enrollment`)
) ENGINE=InnoDB AUTO_INCREMENT=291 DEFAULT CHARSET=utf8mb4 COLLATE=utf8mb4_unicode_ci;
/*!40101 SET character_set_client = @saved_cs_client */;

--
-- Dumping data for table `project_students`
--

LOCK TABLES `project_students` WRITE;
/*!40000 ALTER TABLE `project_students` DISABLE KEYS */;
INSERT INTO `project_students` (`id`, `project`, `student`, `attended`, `created_at`, `updated_at`, `deleted_at`) VALUES (15,17,1753251,1,'2023-06-02 01:58:23','2023-06-10 21:26:14',NULL),(16,17,1962531,1,'2023-06-02 01:58:23','2023-06-10 21:26:02',NULL),(17,17,1957920,1,'2023-06-02 01:58:23','2023-06-10 21:28:30',NULL),(18,18,2127289,1,'2023-06-02 01:59:20','2023-06-10 21:14:59',NULL),(19,19,1944697,1,'2023-06-02 02:00:24','2023-06-10 21:29:16',NULL),(20,20,2086152,0,'2023-06-02 02:01:19','2023-06-02 02:01:19',NULL),(21,21,2082952,0,'2023-06-02 02:02:35','2023-06-02 02:02:35',NULL),(22,22,2000246,1,'2023-06-02 02:07:18','2023-06-10 21:24:48',NULL),(25,25,1858676,1,'2023-06-02 02:15:30','2023-06-10 21:12:24',NULL),(27,27,1863450,0,'2023-06-02 02:20:43','2023-06-02 02:20:43',NULL),(28,28,1960023,1,'2023-06-02 02:28:36','2023-06-10 21:17:00',NULL),(29,29,2076253,1,'2023-06-02 02:30:02','2023-06-10 21:12:37',NULL),(30,30,1876387,0,'2023-06-02 21:44:56','2023-06-02 21:44:56',NULL),(31,30,1959520,1,'2023-06-02 21:44:56','2023-06-02 21:44:56',NULL),(32,30,1948672,1,'2023-06-02 21:44:56','2023-06-10 21:45:03',NULL),(33,31,1859968,0,'2023-06-02 21:55:16','2023-06-02 21:55:16',NULL),(34,32,1865704,0,'2023-06-02 22:01:08','2023-06-02 22:01:08',NULL),(36,32,1872833,0,'2023-06-02 22:01:08','2023-06-02 22:01:08',NULL),(37,32,1681024,1,'2023-06-02 22:01:08','2023-06-10 21:18:45',NULL),(38,32,1681088,1,'2023-06-02 22:01:08','2023-06-10 21:19:06',NULL),(41,34,1845062,1,'2023-06-02 22:29:00','2023-06-10 21:15:11',NULL),(43,36,1869070,1,'2023-06-02 22:38:38','2023-06-10 21:17:44',NULL),(44,36,1849393,0,'2023-06-02 22:38:38','2023-06-02 22:38:38',NULL),(45,36,1869132,0,'2023-06-02 22:38:38','2023-06-02 22:38:38',NULL),(46,36,1896868,1,'2023-06-02 22:38:38','2023-06-10 21:15:41',NULL),(47,36,1989947,0,'2023-06-02 22:38:38','2023-06-02 22:38:38',NULL),(48,36,1843790,1,'2023-06-02 22:38:38','2023-06-10 21:15:21',NULL),(49,37,1867610,1,'2023-06-02 22:38:40','2023-06-10 21:40:35',NULL),(50,37,1941483,1,'2023-06-02 22:38:41','2023-06-10 21:15:45',NULL),(51,37,1941537,1,'2023-06-02 22:38:41','2023-06-10 23:34:38',NULL),(52,37,1862317,1,'2023-06-02 22:38:41','2023-06-10 23:13:01',NULL),(53,37,1868406,1,'2023-06-02 22:38:41','2023-06-10 21:32:47',NULL),(54,38,1941483,1,'2023-06-02 22:40:24','2023-06-10 21:15:45',NULL),(58,42,1837575,1,'2023-06-02 22:58:09','2023-06-10 21:13:29',NULL),(59,42,1864988,1,'2023-06-02 22:58:09','2023-06-10 21:17:41',NULL),(60,42,1817111,0,'2023-06-02 22:58:09','2023-06-02 22:58:09',NULL),(61,42,1663842,1,'2023-06-02 22:58:09','2023-06-10 21:14:49',NULL),(62,43,2034236,1,'2023-06-02 22:58:20','2023-06-10 21:45:51',NULL),(63,43,1814440,1,'2023-06-02 22:58:20','2023-06-10 21:44:12',NULL),(64,43,1990071,1,'2023-06-02 22:58:20','2023-06-10 21:38:50',NULL),(65,43,1755322,0,'2023-06-02 22:58:20','2023-06-02 22:58:20',NULL),(66,43,1867475,0,'2023-06-02 22:58:20','2023-06-02 22:58:20',NULL),(67,44,1867173,0,'2023-06-02 23:01:19','2023-06-02 23:01:19',NULL),(68,45,1755130,1,'2023-06-02 23:02:11','2023-06-10 21:26:31',NULL),(69,46,1747348,0,'2023-06-02 23:03:28','2023-06-02 23:03:28',NULL),(70,47,1849166,1,'2023-06-02 23:07:59','2023-06-10 21:23:46',NULL),(71,48,1812042,1,'2023-06-02 23:10:09','2023-06-10 21:15:52',NULL),(72,49,1730174,0,'2023-06-02 23:10:47','2023-06-02 23:10:47',NULL),(73,49,1823840,1,'2023-06-02 23:10:47','2023-06-10 21:43:44',NULL),(74,49,1851024,1,'2023-06-02 23:10:47','2023-06-10 21:32:11',NULL),(75,49,1745062,0,'2023-06-02 23:10:47','2023-06-02 23:10:47',NULL),(76,49,1686752,0,'2023-06-02 23:10:47','2023-06-02 23:10:47',NULL),(77,49,1873202,1,'2023-06-02 23:10:47','2023-06-10 21:16:12',NULL),(78,50,1845062,1,'2023-06-02 23:12:09','2023-06-10 21:15:11',NULL),(79,50,1904151,1,'2023-06-02 23:12:09','2023-06-10 21:34:16',NULL),(80,51,1851121,1,'2023-06-02 23:14:33','2023-06-10 21:20:54',NULL),(81,51,1726501,1,'2023-06-02 23:14:33','2023-06-10 21:19:27',NULL),(82,51,1847235,0,'2023-06-02 23:14:33','2023-06-02 23:14:33',NULL),(83,51,1813848,1,'2023-06-02 23:14:33','2023-06-10 21:19:35',NULL),(84,52,1905720,0,'2023-06-02 23:15:12','2023-06-02 23:15:12',NULL),(85,52,1908137,1,'2023-06-02 23:15:12','2023-06-10 21:22:59',NULL),(86,52,1907688,1,'2023-06-02 23:15:12','2023-06-10 22:43:11',NULL),(87,52,1898206,1,'2023-06-02 23:15:12','2023-06-10 21:22:16',NULL),(88,52,1904572,1,'2023-06-02 23:15:12','2023-06-10 22:42:41',NULL),(89,53,1872542,1,'2023-06-02 23:16:17','2023-06-10 21:08:30',NULL),(90,54,1975922,0,'2023-06-05 23:40:03','2023-06-05 23:40:03',NULL),(91,54,1947756,0,'2023-06-05 23:40:03','2023-06-05 23:40:03',NULL),(92,55,1844264,1,'2023-06-05 23:42:04','2023-06-10 21:31:34',NULL),(93,56,1971342,0,'2023-06-05 23:44:56','2023-06-05 23:44:56',NULL),(94,57,1843790,1,'2023-06-05 23:46:09','2023-06-10 21:15:21',NULL),(95,57,1849393,0,'2023-06-05 23:46:09','2023-06-05 23:46:09',NULL),(96,57,1869070,1,'2023-06-05 23:46:09','2023-06-10 21:17:44',NULL),(97,57,1869132,0,'2023-06-05 23:46:09','2023-06-05 23:46:09',NULL),(98,57,1896868,1,'2023-06-05 23:46:09','2023-06-10 21:15:41',NULL),(99,57,1989947,0,'2023-06-05 23:46:09','2023-06-05 23:46:09',NULL),(101,59,1959863,1,'2023-06-05 23:49:09','2023-06-10 21:31:17',NULL),(102,59,2034170,1,'2023-06-05 23:49:09','2023-06-10 21:29:50',NULL),(103,59,1638572,1,'2023-06-05 23:49:09','2023-06-05 23:49:09',NULL),(104,59,1904487,1,'2023-06-05 23:49:09','2023-06-10 21:29:42',NULL),(105,59,1979420,1,'2023-06-05 23:49:09','2023-06-10 21:31:31',NULL),(106,60,1903184,1,'2023-06-05 23:50:04','2023-06-10 21:35:16',NULL),(107,61,1907668,1,'2023-06-05 23:51:22','2023-06-10 21:31:08',NULL),(108,61,1895693,1,'2023-06-05 23:51:22','2023-06-10 21:30:58',NULL),(109,61,1895640,1,'2023-06-05 23:51:22','2023-06-10 21:31:55',NULL),(114,63,1869605,0,'2023-06-05 23:59:34','2023-06-05 23:59:34',NULL),(115,63,1656184,1,'2023-06-05 23:59:34','2023-06-10 21:19:08',NULL),(116,63,1819434,1,'2023-06-05 23:59:34','2023-06-10 21:18:59',NULL),(117,63,1662256,1,'2023-06-05 23:59:34','2023-06-10 21:18:50',NULL),(119,65,1965180,1,'2023-06-06 00:03:18','2023-06-10 21:13:06',NULL),(120,66,1955286,1,'2023-06-06 00:04:04','2023-06-10 21:35:58',NULL),(121,67,2076307,1,'2023-06-06 00:05:58','2023-06-10 21:25:49',NULL),(122,67,1947730,1,'2023-06-06 00:05:58','2023-06-10 21:30:23',NULL),(123,67,1914244,1,'2023-06-06 00:05:58','2023-06-10 21:29:17',NULL),(124,68,1670351,1,'2023-06-06 00:07:05','2023-06-06 00:07:05',NULL),(125,69,1896868,1,'2023-06-06 00:07:11','2023-06-10 21:15:41',NULL),(126,69,1898666,1,'2023-06-06 00:07:11','2023-06-10 21:34:58',NULL),(127,70,1964989,1,'2023-06-06 00:08:09','2023-06-10 21:31:31',NULL),(128,71,1853059,1,'2023-06-06 00:08:18','2023-06-10 21:35:13',NULL),(129,72,1668204,1,'2023-06-06 00:09:41','2023-06-10 21:16:45',NULL),(130,73,1951307,1,'2023-06-06 00:10:56','2023-06-10 21:13:38',NULL),(131,74,1869510,1,'2023-06-06 00:11:04','2023-06-10 21:39:52',NULL),(132,75,1681088,1,'2023-06-06 00:13:12','2023-06-10 21:19:06',NULL),(133,75,1671706,1,'2023-06-06 00:13:12','2023-06-10 21:20:04',NULL),(134,76,1681088,1,'2023-06-06 00:16:15','2023-06-10 21:19:06',NULL),(135,76,1747697,1,'2023-06-06 00:16:15','2023-06-10 21:34:08',NULL),(136,77,1671586,1,'2023-06-06 00:17:04','2023-06-10 21:11:24',NULL),(137,78,1950240,1,'2023-06-06 00:17:30','2023-06-10 21:25:40',NULL),(138,79,1908325,1,'2023-06-06 00:17:54','2023-06-10 21:16:16',NULL),(139,80,2008008,0,'2023-06-06 00:18:30','2023-06-06 00:18:30',NULL),(140,81,1810223,1,'2023-06-06 00:18:40','2023-06-10 21:40:09',NULL),(141,82,1897954,0,'2023-06-06 00:19:41','2023-06-06 00:19:41',NULL),(150,85,2132967,1,'2023-06-06 00:38:18','2023-06-10 21:41:41',NULL),(151,85,1907158,0,'2023-06-06 00:38:18','2023-06-06 00:38:18',NULL),(152,86,1867173,1,'2023-06-06 00:41:30','2023-06-06 00:41:30',NULL),(153,87,1670041,1,'2023-06-06 00:42:00','2023-06-10 21:27:42',NULL),(154,88,2022316,0,'2023-06-06 00:42:36','2023-06-06 00:42:36',NULL),(155,89,2076229,1,'2023-06-06 00:48:42','2023-06-10 21:20:38',NULL),(156,90,2076307,1,'2023-06-06 00:49:32','2023-06-10 21:25:49',NULL),(157,91,1819013,0,'2023-06-06 00:49:54','2023-06-06 00:49:54',NULL),(158,92,2001476,1,'2023-06-06 00:50:24','2023-06-10 21:28:00',NULL),(159,93,2086243,1,'2023-06-06 00:51:02','2023-06-10 21:15:22',NULL),(160,94,1867371,0,'2023-06-06 00:51:43','2023-06-06 00:51:43',NULL),(161,95,2050637,1,'2023-06-06 00:52:22','2023-06-10 21:14:46',NULL),(162,96,1895918,0,'2023-06-06 00:57:39','2023-06-06 00:57:39',NULL),(163,96,2082941,1,'2023-06-06 00:57:39','2023-06-10 21:11:57',NULL),(164,97,2062721,1,'2023-06-06 00:58:15','2023-06-10 21:27:30',NULL),(165,97,2072653,1,'2023-06-06 00:58:15','2023-06-10 21:26:33',NULL),(166,98,1887868,1,'2023-06-06 01:02:51','2023-06-10 21:18:17',NULL),(167,99,1811522,1,'2023-06-06 01:02:52','2023-06-10 21:33:28',NULL),(168,99,1839373,1,'2023-06-06 01:02:52','2023-06-10 21:33:19',NULL),(169,99,1907861,1,'2023-06-06 01:02:52','2023-06-10 21:35:30',NULL),(170,99,2031917,0,'2023-06-06 01:02:52','2023-06-06 01:02:52',NULL),(180,102,1841237,1,'2023-06-06 01:13:09','2023-06-10 21:17:55',NULL),(181,102,1845062,1,'2023-06-06 01:13:09','2023-06-10 21:15:11',NULL),(182,102,1864988,1,'2023-06-06 01:13:09','2023-06-10 21:17:41',NULL),(183,103,1638482,1,'2023-06-06 01:14:34','2023-06-10 21:13:54',NULL),(184,103,1868520,1,'2023-06-06 01:14:34','2023-06-10 21:36:17',NULL),(185,104,1998739,1,'2023-06-06 01:17:47','2023-06-06 01:17:47',NULL),(186,105,1895706,1,'2023-06-06 01:19:17','2023-06-10 21:32:57',NULL),(187,105,1904354,1,'2023-06-06 01:19:17','2023-06-10 21:35:23',NULL),(188,105,1929844,1,'2023-06-06 01:19:17','2023-06-10 21:32:50',NULL),(191,108,1862975,0,'2023-06-08 21:11:56','2023-06-08 21:11:56',NULL),(192,108,1740757,0,'2023-06-08 21:11:56','2023-06-08 21:11:56',NULL),(193,108,1497828,0,'2023-06-08 21:11:56','2023-06-08 21:11:56',NULL),(194,108,1862003,0,'2023-06-08 21:11:56','2023-06-08 21:11:56',NULL),(195,108,1674213,0,'2023-06-08 21:11:56','2023-06-08 21:11:56',NULL),(196,109,1727077,0,'2023-06-08 21:27:57','2023-06-08 21:27:57',NULL),(197,109,1664215,1,'2023-06-08 21:27:57','2023-06-10 22:45:14',NULL),(198,109,1678234,1,'2023-06-08 21:27:57','2023-06-10 22:44:48',NULL),(199,109,1801799,1,'2023-06-08 21:27:57','2023-06-10 22:43:43',NULL),(200,110,1800464,0,'2023-06-08 21:30:23','2023-06-08 21:30:23',NULL),(201,110,1802751,0,'2023-06-08 21:30:23','2023-06-08 21:30:23',NULL),(202,110,1877432,0,'2023-06-08 21:30:23','2023-06-08 21:30:23',NULL),(203,110,1850763,0,'2023-06-08 21:30:23','2023-06-08 21:30:23',NULL),(204,110,1794459,0,'2023-06-08 21:30:23','2023-06-08 21:30:23',NULL),(205,111,1856049,1,'2023-06-08 21:32:00','2023-06-10 22:40:27',NULL),(206,111,1867173,1,'2023-06-08 21:32:00','2023-06-08 21:32:00',NULL),(207,111,1723462,1,'2023-06-08 21:32:00','2023-06-10 22:41:13',NULL),(208,111,1989995,1,'2023-06-08 21:32:00','2023-06-10 22:41:07',NULL),(209,111,1819667,1,'2023-06-08 21:32:00','2023-06-10 22:40:59',NULL),(210,111,1751109,1,'2023-06-08 21:32:01','2023-06-10 22:40:52',NULL),(211,112,1919203,0,'2023-06-08 21:32:25','2023-06-08 21:32:25',NULL),(212,112,1604177,0,'2023-06-08 21:32:25','2023-06-08 21:32:25',NULL),(213,112,1928709,0,'2023-06-08 21:32:25','2023-06-08 21:32:25',NULL),(214,112,1990082,0,'2023-06-08 21:32:25','2023-06-08 21:32:25',NULL),(215,112,1990054,0,'2023-06-08 21:32:25','2023-06-08 21:32:25',NULL),(216,113,1653035,1,'2023-06-08 21:34:16','2023-06-10 22:47:51',NULL),(217,113,1642161,1,'2023-06-08 21:34:16','2023-06-10 22:53:50',NULL),(218,113,1858306,1,'2023-06-08 21:34:16','2023-06-10 22:46:45',NULL),(219,113,1855399,0,'2023-06-08 21:34:16','2023-06-08 21:34:16',NULL),(220,113,1524296,1,'2023-06-08 21:34:16','2023-06-10 22:47:41',NULL),(221,114,1904572,1,'2023-06-08 21:34:49','2023-06-10 22:42:41',NULL),(222,114,1907688,1,'2023-06-08 21:34:49','2023-06-10 22:43:11',NULL),(223,114,1857368,1,'2023-06-08 21:34:49','2023-06-10 22:42:34',NULL),(224,114,1687609,0,'2023-06-08 21:34:49','2023-06-08 21:34:49',NULL),(225,114,1874003,1,'2023-06-08 21:34:49','2023-06-10 22:43:03',NULL),(226,114,1941470,1,'2023-06-08 21:34:49','2023-06-10 22:42:50',NULL),(227,115,1869136,1,'2023-06-08 21:36:32','2023-06-10 22:41:43',NULL),(228,115,1909322,0,'2023-06-08 21:36:32','2023-06-08 21:36:32',NULL),(229,115,1849166,1,'2023-06-08 21:36:32','2023-06-10 21:23:46',NULL),(230,115,1914602,0,'2023-06-08 21:36:32','2023-06-08 21:36:32',NULL),(231,115,1841405,0,'2023-06-08 21:36:32','2023-06-08 21:36:32',NULL),(232,115,1811632,0,'2023-06-08 21:36:32','2023-06-08 21:36:32',NULL),(233,116,1913546,0,'2023-06-08 21:40:07','2023-06-08 21:40:07',NULL),(234,116,1526807,0,'2023-06-08 21:40:07','2023-06-08 21:40:07',NULL),(235,116,2034261,0,'2023-06-08 21:40:07','2023-06-08 21:40:07',NULL),(236,117,1795868,0,'2023-06-08 21:40:08','2023-06-08 21:40:08',NULL),(237,117,1940851,0,'2023-06-08 21:40:08','2023-06-08 21:40:08',NULL),(238,117,1909212,1,'2023-06-08 21:40:08','2023-06-10 23:11:26',NULL),(239,117,1937882,0,'2023-06-08 21:40:08','2023-06-08 21:40:08',NULL),(240,117,1753114,0,'2023-06-08 21:40:08','2023-06-08 21:40:08',NULL),(241,117,1687850,0,'2023-06-08 21:40:09','2023-06-08 21:40:09',NULL),(242,118,1747697,1,'2023-06-08 21:41:15','2023-06-10 21:34:08',NULL),(243,118,1681024,1,'2023-06-08 21:41:15','2023-06-10 21:18:45',NULL),(244,119,1990048,1,'2023-06-08 21:43:20','2023-06-10 21:33:17',NULL),(245,119,1869510,1,'2023-06-08 21:43:20','2023-06-10 21:39:52',NULL),(246,119,1794970,1,'2023-06-08 21:43:20','2023-06-10 22:42:04',NULL),(247,119,1867799,1,'2023-06-08 21:43:20','2023-06-10 22:42:14',NULL),(248,119,1887851,0,'2023-06-08 21:43:20','2023-06-08 21:43:20',NULL),(249,119,1794181,0,'2023-06-08 21:43:20','2023-06-08 21:43:20',NULL),(250,119,1853059,1,'2023-06-08 21:43:20','2023-06-10 21:35:13',NULL),(251,120,1898351,0,'2023-06-08 21:45:19','2023-06-08 21:45:19',NULL),(252,120,1869070,1,'2023-06-08 21:45:19','2023-06-10 21:17:44',NULL),(253,120,1719826,0,'2023-06-08 21:45:19','2023-06-08 21:45:19',NULL),(254,120,1819434,1,'2023-06-08 21:45:19','2023-06-10 21:18:59',NULL),(255,121,1897884,1,'2023-06-08 21:46:50','2023-06-10 21:19:53',NULL),(256,121,1919643,1,'2023-06-08 21:46:50','2023-06-10 21:20:24',NULL),(257,122,1849166,1,'2023-06-08 21:47:31','2023-06-10 21:23:46',NULL),(258,123,1848639,1,'2023-06-08 21:56:43','2023-06-10 21:40:49',NULL),(259,124,1819434,1,'2023-06-08 22:05:30','2023-06-10 21:18:59',NULL),(260,125,1869070,1,'2023-06-09 09:14:51','2023-06-10 21:17:44',NULL),(261,125,1864707,1,'2023-06-09 09:14:51','2023-06-10 21:14:31',NULL),(262,125,1843245,0,'2023-06-09 09:14:51','2023-06-09 09:14:51',NULL),(263,126,1989983,1,'2023-06-09 12:09:17','2023-06-10 21:29:37',NULL),(264,127,1904354,1,'2023-06-10 00:50:06','2023-06-10 21:35:23',NULL),(265,128,1907537,0,'2023-06-10 02:09:47','2023-06-10 02:09:47',NULL),(266,128,1990130,0,'2023-06-10 02:09:48','2023-06-10 02:09:48',NULL),(267,128,1887846,0,'2023-06-10 02:09:48','2023-06-10 02:09:48',NULL),(268,128,1867371,0,'2023-06-10 02:09:48','2023-06-10 02:09:48',NULL),(269,128,1819299,1,'2023-06-10 02:09:48','2023-06-10 21:10:21',NULL),(270,128,1986241,1,'2023-06-10 02:09:48','2023-06-10 21:09:53',NULL),(271,129,1819014,1,'2023-06-10 02:12:27','2023-06-10 21:18:28',NULL),(272,129,1860038,1,'2023-06-10 02:12:27','2023-06-10 21:18:38',NULL),(273,129,1874003,1,'2023-06-10 02:12:27','2023-06-10 22:43:03',NULL),(274,129,1887868,1,'2023-06-10 02:12:27','2023-06-10 21:18:17',NULL),(275,130,1912330,1,'2023-06-10 03:26:20','2023-06-10 21:44:36',NULL),(276,131,1864707,1,'2023-06-10 03:29:23','2023-06-10 21:14:31',NULL),(277,132,1947730,1,'2023-06-10 04:35:17','2023-06-10 21:30:23',NULL),(278,132,1960023,1,'2023-06-10 04:35:17','2023-06-10 21:17:00',NULL),(279,132,1970302,0,'2023-06-10 04:35:17','2023-06-10 04:35:17',NULL),(280,133,1950524,1,'2023-06-10 04:51:33','2023-06-10 21:14:22',NULL),(284,136,5454545,0,'2023-07-22 01:03:59','2023-07-22 01:03:59',NULL),(285,136,5454546,0,'2023-07-22 01:03:59','2023-07-22 01:03:59',NULL),(286,137,1000001,0,'2023-07-25 00:36:05','2023-07-25 00:36:05',NULL),(287,137,1000002,0,'2023-07-25 00:36:05','2023-07-25 00:36:05',NULL),(290,140,9343434,0,'2023-07-27 22:55:35','2023-07-27 22:55:35',NULL);
/*!40000 ALTER TABLE `project_students` ENABLE KEYS */;
UNLOCK TABLES;

--
-- Table structure for table `projects`
--

DROP TABLE IF EXISTS `projects`;
/*!40101 SET @saved_cs_client     = @@character_set_client */;
/*!40101 SET character_set_client = utf8 */;
CREATE TABLE `projects` (
  `id` bigint(20) unsigned NOT NULL AUTO_INCREMENT,
  `semester` int(11) NOT NULL,
  `subject` varchar(100) COLLATE utf8mb4_unicode_ci NOT NULL,
  `nameProject` varchar(100) COLLATE utf8mb4_unicode_ci NOT NULL,
  `created_at` timestamp NULL DEFAULT NULL,
  `updated_at` timestamp NULL DEFAULT NULL,
  `deleted_at` timestamp NULL DEFAULT NULL,
  PRIMARY KEY (`id`)
) ENGINE=InnoDB AUTO_INCREMENT=141 DEFAULT CHARSET=utf8mb4 COLLATE=utf8mb4_unicode_ci;
/*!40101 SET character_set_client = @saved_cs_client */;

--
-- Dumping data for table `projects`
--

LOCK TABLES `projects` WRITE;
/*!40000 ALTER TABLE `projects` DISABLE KEYS */;
INSERT INTO `projects` (`id`, `semester`, `subject`, `nameProject`, `created_at`, `updated_at`, `deleted_at`) VALUES (17,2,'Tecnologías multimedia','Little Changes','2023-06-02 01:58:23','2023-06-02 01:58:23',NULL),(18,2,'Dibujo de la anatomía humana','BANG!BLERG','2023-06-02 01:59:20','2023-06-02 01:59:20',NULL),(19,3,'Modelado arquitectónico','Visión de Hogar','2023-06-02 02:00:24','2023-06-02 02:00:24',NULL),(20,3,'Producción multimedia','El caballero y la bruja','2023-06-02 02:01:19','2023-06-02 02:01:19',NULL),(21,3,'Modelado arquitectónico','Mi nueva casa','2023-06-02 02:02:35','2023-06-02 02:02:35',NULL),(22,3,'Producción multimedia','The Hummingbird','2023-06-02 02:07:18','2023-06-02 02:07:18',NULL),(25,5,'Fotografía digital','Acosadora abismal','2023-06-02 02:15:30','2023-06-02 02:15:30',NULL),(27,5,'Gráficas computacionales I','Recorrido Virtual','2023-06-02 02:20:43','2023-06-02 02:20:43',NULL),(28,5,'Preproducción 2D','Moonrise','2023-06-02 02:28:36','2023-06-02 02:28:36',NULL),(29,5,'Fotografía digital','La búsqueda del tesoro','2023-06-02 02:30:02','2023-06-02 02:30:02',NULL),(30,5,'Administración de alto volumen de datos','PUNTO DE VENTA','2023-06-02 21:44:56','2023-06-02 21:44:56',NULL),(31,5,'Gráficas computacionales I','Recorrido Virtual','2023-06-02 21:55:16','2023-06-02 21:55:16',NULL),(32,6,'Escenarios de videojuegos','The Shiinim Witch – The Forbidden Land','2023-06-02 22:01:08','2023-06-02 22:01:08',NULL),(34,8,'Animación tradicional de escenarios','Jellyfish Forest','2023-06-02 22:29:00','2023-06-02 22:29:00',NULL),(36,7,'Optimización de videojuegos','Army Brotherhood','2023-06-02 22:38:38','2023-06-02 22:38:38',NULL),(37,8,'Programación web II','Parkipay','2023-06-02 22:38:40','2023-06-02 22:38:40',NULL),(38,8,'Animación tradicional de escenarios','Nostalgic love','2023-06-02 22:40:24','2023-06-02 22:40:24',NULL),(42,8,'Diseño de videojuegos en línea','ATEX INFINITY','2023-06-02 22:58:09','2023-06-02 22:58:09',NULL),(43,6,'Escenarios de videojuegos','EMPTY','2023-06-02 22:58:20','2023-06-02 22:58:20',NULL),(44,7,'Actuación y dirección para animación','Annie rompe el DVD de Abed','2023-06-02 23:01:19','2023-06-02 23:01:19',NULL),(45,8,'Esqueletos de personajes','Cali Game Ready Rig','2023-06-02 23:02:11','2023-06-02 23:02:11',NULL),(46,8,'Iluminación y audio','Carpe Diem','2023-06-02 23:03:28','2023-06-02 23:03:28',NULL),(47,7,'Efectos visuales II','All you are going to want to do is get back there','2023-06-02 23:07:59','2023-06-02 23:07:59',NULL),(48,7,'Animación tradicional de humanos y de animales','Ciro and Candy','2023-06-02 23:10:09','2023-06-02 23:10:09',NULL),(49,8,'Diseño de videojuegos en línea','Magical DodgePaw','2023-06-02 23:10:47','2023-06-02 23:10:47',NULL),(50,7,'Base de datos multimedia','Tienda Caravaggio','2023-06-02 23:12:09','2023-06-02 23:12:09',NULL),(51,9,'Postproducción','Christmas Lovers','2023-06-02 23:14:33','2023-06-02 23:14:33',NULL),(52,7,'Optimización de videojuegos','Past Crimes','2023-06-02 23:15:11','2023-06-02 23:15:11',NULL),(53,7,'Gráficas computacionales en web','The Scarlet Adventure','2023-06-02 23:16:17','2023-06-02 23:16:17',NULL),(54,5,'Modelos de administración de datos','Lumelee','2023-06-05 23:40:03','2023-06-05 23:40:03',NULL),(55,5,'Gráficas computacionales I','Feria Anekilandia','2023-06-05 23:42:04','2023-06-05 23:42:04',NULL),(56,5,'Preproducción 2D','Auqelarre','2023-06-05 23:44:56','2023-06-05 23:44:56',NULL),(57,8,'Diseño de videojuegos en línea','Droid Wars','2023-06-05 23:46:09','2023-06-05 23:46:09',NULL),(59,5,'Diseño de hápticos','Light Maze','2023-06-05 23:49:09','2023-06-05 23:49:09',NULL),(60,5,'Modelos de administración de datos','Hotelera','2023-06-05 23:50:04','2023-06-05 23:50:04',NULL),(61,6,'Gráficas computacionales II','Riddeath: Welcome to Nigma Town','2023-06-05 23:51:22','2023-06-05 23:51:22',NULL),(63,9,'Postproducción','House Rally','2023-06-05 23:59:34','2023-06-05 23:59:34',NULL),(65,6,'Ilustración digital','Deseando tu cercanía','2023-06-06 00:03:18','2023-06-06 00:03:18',NULL),(66,6,'Modelado en alto poligonaje','Gustavo Fring','2023-06-06 00:04:04','2023-06-06 00:04:04',NULL),(67,6,'Escenarios de videojuegos','Ninja Revenge','2023-06-06 00:05:58','2023-06-06 00:05:58',NULL),(68,6,'Efectos Visuales I','THE MAGIC WAND','2023-06-06 00:07:05','2023-06-06 00:07:05',NULL),(69,7,'Base de datos multimedia','Cursotopia','2023-06-06 00:07:11','2023-06-06 00:07:11',NULL),(70,6,'Gráficas computacionales II','LUZ VERDE, LUZ ROJA','2023-06-06 00:08:09','2023-06-06 00:08:09',NULL),(71,7,'Actuación y dirección para animación','Fama del Oeste','2023-06-06 00:08:18','2023-06-06 00:08:18',NULL),(72,7,'Animación tradicional de humanos y de animales','Cygnus\'s Dream','2023-06-06 00:09:41','2023-06-06 00:09:41',NULL),(73,6,'Ilustración digital','Orgullo divino','2023-06-06 00:10:56','2023-06-06 00:10:56',NULL),(74,8,'Animación tradicional de escenarios','Réquiem de linternas','2023-06-06 00:11:04','2023-06-06 00:11:04',NULL),(75,7,'Programación de sistemas móviles','Juego RPG','2023-06-06 00:13:12','2023-06-06 00:13:12',NULL),(76,7,'Base de datos multimedia','FoxBite','2023-06-06 00:16:15','2023-06-06 00:16:15',NULL),(77,7,'Actuación y dirección para animación','Entrenamiento de Buzz','2023-06-06 00:17:04','2023-06-06 00:17:04',NULL),(78,3,'Producción multimedia','Looking out for you','2023-06-06 00:17:30','2023-06-06 00:17:30',NULL),(79,7,'Animación tradicional de humanos y de animales','Instantes Monocromos','2023-06-06 00:17:54','2023-06-06 00:17:54',NULL),(80,3,'Modelado arquitectónico','Casa habitación','2023-06-06 00:18:30','2023-06-06 00:18:30',NULL),(81,8,'Animación tradicional de escenarios','Atardecer nevado','2023-06-06 00:18:40','2023-06-06 00:18:40',NULL),(82,5,'Preproducción 2D','Vivamus','2023-06-06 00:19:41','2023-06-06 00:19:41',NULL),(85,2,'Tecnologías multimedia','Un sueño asfixiante','2023-06-06 00:38:18','2023-06-06 00:38:18',NULL),(86,8,'Esqueletos de personajes','Ahsoka Rig','2023-06-06 00:41:30','2023-06-06 00:41:30',NULL),(87,8,'Esqueletos de personajes','Amaris Rig','2023-06-06 00:42:00','2023-06-06 00:42:00',NULL),(88,5,'Fotografía digital','From my eyes','2023-06-06 00:42:36','2023-06-06 00:42:36',NULL),(89,6,'Efectos Visuales I','Piedra, papel o Margo','2023-06-06 00:48:42','2023-06-06 00:48:42',NULL),(90,6,'Modelado en alto poligonaje','Pedro Pascal','2023-06-06 00:49:32','2023-06-06 00:49:32',NULL),(91,3,'Producción multimedia','No hay a donde correr','2023-06-06 00:49:54','2023-06-06 00:49:54',NULL),(92,4,'Modelado orgánico','Jim el Caza troles','2023-06-06 00:50:24','2023-06-06 00:50:24',NULL),(93,2,'Dibujo de la anatomía humana','Fuera del bosque','2023-06-06 00:51:02','2023-06-06 00:51:02',NULL),(94,5,'Fotografía digital','Fotografía Producto - Crema Corporal Jergens','2023-06-06 00:51:43','2023-06-06 00:51:43',NULL),(95,2,'Dibujo de la anatomía humana','Flower Gunners','2023-06-06 00:52:22','2023-06-06 00:52:22',NULL),(96,5,'Animación básica','Demo Reel Animación Básica','2023-06-06 00:57:39','2023-06-06 00:57:39',NULL),(97,2,'Tecnologías multimedia','De vuelta a la luz','2023-06-06 00:58:15','2023-06-06 00:58:15',NULL),(98,7,'Actuación y dirección para animación','PIA - RUIZ URIBE DAVID ARMANDO','2023-06-06 01:02:51','2023-06-06 01:02:51',NULL),(99,5,'Diseño de hápticos','CyberShock: Survivor','2023-06-06 01:02:52','2023-06-06 01:02:52',NULL),(102,9,'Postproducción','Un postre congelado','2023-06-06 01:13:09','2023-06-06 01:13:09',NULL),(103,7,'Programación de sistemas móviles','ChannelFan','2023-06-06 01:14:34','2023-06-06 01:14:34',NULL),(104,4,'Modelado orgánico','Charlotte Jason','2023-06-06 01:17:47','2023-06-06 01:17:47',NULL),(105,6,'Escenarios de videojuegos','City of Ashes','2023-06-06 01:19:17','2023-06-06 01:19:17',NULL),(108,8,'Realidad virtual','Vuelo en libertad','2023-06-08 21:11:56','2023-06-08 21:11:56',NULL),(109,8,'Realidad virtual','Miedo a las alturas','2023-06-08 21:27:57','2023-06-08 21:27:57',NULL),(110,8,'Realidad virtual','Tratamiento de agrafia','2023-06-08 21:30:23','2023-06-08 21:30:23',NULL),(111,8,'Realidad virtual','Virtual Training Simulador de Bomberos','2023-06-08 21:32:00','2023-06-08 21:32:00',NULL),(112,8,'Realidad virtual','Entrenamiento extinguidor','2023-06-08 21:32:25','2023-06-08 21:32:25',NULL),(113,8,'Realidad virtual','Conscientización manejo','2023-06-08 21:34:16','2023-06-08 21:34:16',NULL),(114,8,'Realidad virtual','ChromaVr Daltonismo','2023-06-08 21:34:49','2023-06-08 21:34:49',NULL),(115,8,'Realidad virtual','Rehabilitación y entrenamiento del brazo','2023-06-08 21:36:32','2023-06-08 21:36:32',NULL),(116,7,'Optimización de videojuegos','LAByrinth Time','2023-06-08 21:40:07','2023-06-08 21:40:07',NULL),(117,8,'Realidad virtual','Simulador Manejo','2023-06-08 21:40:08','2023-06-08 21:40:08',NULL),(118,7,'Optimización de videojuegos','Spear Bash','2023-06-08 21:41:15','2023-06-08 21:41:15',NULL),(119,8,'Realidad virtual','Simulador de RCP','2023-06-08 21:43:20','2023-06-08 21:43:20',NULL),(120,8,'Realidad virtual','Simulador de vuelo','2023-06-08 21:45:19','2023-06-08 21:45:19',NULL),(121,7,'Efectos visuales II','Last Dance','2023-06-08 21:46:50','2023-06-08 21:46:50',NULL),(122,8,'Iluminación y audio','Un mundo Feliz','2023-06-08 21:47:31','2023-06-08 21:47:31',NULL),(123,7,'Animación tradicional de humanos y de animales','Enamorados','2023-06-08 21:56:43','2023-06-08 21:56:43',NULL),(124,8,'Esqueletos de personajes','SNOW RIG REMAKE','2023-06-08 22:05:30','2023-06-08 22:05:30',NULL),(125,6,'Gráficas computacionales II','Time Maze','2023-06-09 09:14:51','2023-06-09 09:14:51',NULL),(126,6,'Modelado en alto poligonaje','CHRIS HEMSWORTH','2023-06-09 12:09:17','2023-06-09 12:09:17',NULL),(127,5,'Animación básica','PIA Animación Básica','2023-06-10 00:50:06','2023-06-10 00:50:06',NULL),(128,8,'Diseños de videojuegos en linea','Cyberstrike','2023-06-10 02:09:47','2023-06-10 02:09:47',NULL),(129,9,'Postproducción','Baumadia','2023-06-10 02:12:27','2023-06-10 02:12:27',NULL),(130,6,'Modelado en alto poligonaje','Bryan Cranston','2023-06-10 03:26:20','2023-06-10 03:26:20',NULL),(131,6,'Ilustración digital','El intruso del cielo','2023-06-10 03:29:23','2023-06-10 03:29:23',NULL),(132,5,'Modelos de administración de datos','Punto de Venta','2023-06-10 04:35:17','2023-06-10 04:35:17',NULL),(133,6,'Ilustración digital','Dead Souls','2023-06-10 04:51:33','2023-06-10 04:51:33',NULL),(136,5,'Administración de alto volumen de datos','pruebaProyectoMAD','2023-07-22 01:03:59','2023-07-22 01:05:39',NULL),(137,6,'Modelado en alto poligonaje','NameProject','2023-07-25 00:36:05','2023-07-28 21:47:53',NULL),(140,2,'Tecnologías multimedia','Proyecto_601774','2023-07-27 22:55:35','2023-07-27 22:55:35',NULL);
/*!40000 ALTER TABLE `projects` ENABLE KEYS */;
UNLOCK TABLES;

--
-- Table structure for table `projects_datas`
--

DROP TABLE IF EXISTS `projects_datas`;
/*!40101 SET @saved_cs_client     = @@character_set_client */;
/*!40101 SET character_set_client = utf8 */;
CREATE TABLE `projects_datas` (
  `id` int(11) NOT NULL AUTO_INCREMENT,
  `description` varchar(500) COLLATE utf8_spanish_ci NOT NULL,
  `video_url` varchar(70) COLLATE utf8_spanish_ci NOT NULL,
  `drive_url` varchar(70) COLLATE utf8_spanish_ci DEFAULT NULL,
  `imagen_url` varchar(70) COLLATE utf8_spanish_ci NOT NULL,
  `id_proyect` bigint(20) unsigned NOT NULL,
  `created_at` timestamp NOT NULL DEFAULT CURRENT_TIMESTAMP ON UPDATE CURRENT_TIMESTAMP,
  `updated_at` timestamp NOT NULL DEFAULT '0000-00-00 00:00:00',
  `deleted_at` timestamp NULL DEFAULT NULL,
  PRIMARY KEY (`id`),
  KEY `id_proyect` (`id_proyect`),
  CONSTRAINT `projects_datas_ibfk_1` FOREIGN KEY (`id_proyect`) REFERENCES `projects` (`id`)
) ENGINE=InnoDB AUTO_INCREMENT=7 DEFAULT CHARSET=utf8 COLLATE=utf8_spanish_ci;
/*!40101 SET character_set_client = @saved_cs_client */;

--
-- Dumping data for table `projects_datas`
--

LOCK TABLES `projects_datas` WRITE;
/*!40000 ALTER TABLE `projects_datas` DISABLE KEYS */;
INSERT INTO `projects_datas` (`id`, `description`, `video_url`, `drive_url`, `imagen_url`, `id_proyect`, `created_at`, `updated_at`, `deleted_at`) VALUES (3,'pruebaProyectoMAD fdfd','https://www.youtube.com/watch?v=blyoh8ISP5E','ss','pruebaProyectoMAD_136_xd.png',136,'2023-07-22 01:05:39','2023-07-22 01:05:39',NULL),(4,'Videojuego en Web desarrollado con Three JS, JRPG libre para explorar 3 diversos mapas con distintos enemigos, en donde podrás atacarlos, esquivar sus movimientos y derrotarlos para ganar experiencia y subir de nivel, podrás apoyarte de diversos objetos que te ayudarán en tu aventura y guardar los datos de la misma sin perder tu avance. Prueba el modo multijugador cooperativo para  apoyarte de un compañero y descubrir los secretos del mundo juntos!','https://www.youtube.com/watch?v=vkC3lWqmP7M',NULL,'GraficasWebImg.png',53,'2023-07-25 17:41:30','0000-00-00 00:00:00',NULL);
/*!40000 ALTER TABLE `projects_datas` ENABLE KEYS */;
UNLOCK TABLES;

--
-- Table structure for table `students`
--

DROP TABLE IF EXISTS `students`;
/*!40101 SET @saved_cs_client     = @@character_set_client */;
/*!40101 SET character_set_client = utf8 */;
CREATE TABLE `students` (
  `enrollment` bigint(20) unsigned NOT NULL,
  `fullName` varchar(100) COLLATE utf8mb4_unicode_ci NOT NULL,
  `created_at` timestamp NULL DEFAULT NULL,
  `updated_at` timestamp NULL DEFAULT NULL,
  `deleted_at` timestamp NULL DEFAULT NULL,
  PRIMARY KEY (`enrollment`)
) ENGINE=InnoDB DEFAULT CHARSET=utf8mb4 COLLATE=utf8mb4_unicode_ci;
/*!40101 SET character_set_client = @saved_cs_client */;

--
-- Dumping data for table `students`
--

LOCK TABLES `students` WRITE;
/*!40000 ALTER TABLE `students` DISABLE KEYS */;
INSERT INTO `students` (`enrollment`, `fullName`, `created_at`, `updated_at`, `deleted_at`) VALUES (1000001,'AA BB CC','2023-07-25 00:36:05','2023-07-25 00:36:05',NULL),(1000002,'AA DD CC','2023-07-25 00:36:05','2023-07-25 00:36:05',NULL),(1334235,'SARAHÍ CAZARES RANGEL','2023-06-11 01:45:53','2023-06-11 01:45:53',NULL),(1444695,'ARTURO I. CAZARES RANGEL','2023-06-11 01:45:06','2023-06-11 01:45:06',NULL),(1497828,'MARTÍN OSWALDO VILLANUEVA GARZA','2023-06-08 21:11:56','2023-06-08 21:11:56',NULL),(1524296,'EDGAR ELIEL MARTINEZ REYNA','2023-06-08 21:34:16','2023-06-08 21:34:16',NULL),(1526807,'JAIME ALBERTO RODRIGUEZ NUNEZ','2023-06-08 21:40:07','2023-06-08 21:40:07',NULL),(1558637,'IOVANNA MICHAEL MONTERO PEREZ','2023-06-11 01:21:05','2023-06-11 01:21:05',NULL),(1595628,'DANIEL ALEJANDRO VALLEJO RAMIREZ','2023-06-11 01:14:16','2023-06-11 01:14:16',NULL),(1601972,'ABRAHAM ABISAI PULIDO JACOBO','2023-06-02 22:01:08','2023-06-02 22:01:08',NULL),(1604177,'ALVARO RAMSES DURON ALEJO','2023-06-08 21:32:25','2023-06-08 21:32:25',NULL),(1614816,'LUIS GERARDO RODRÍGUEZ HERRERA','2023-06-11 01:38:40','2023-06-11 01:38:40',NULL),(1625509,'ANA PATRICIA SEPULVEDA CORREA','2023-06-11 01:42:22','2023-06-11 01:42:22',NULL),(1638472,'HERNANDEZ SANTIAGO JOSUE','2023-06-11 00:23:00','2023-06-11 00:23:00',NULL),(1638482,'BRENDA ALICIA SOLIS CALDERON','2023-06-06 01:14:34','2023-06-06 01:14:34',NULL),(1638572,'JOSUÉ HERNÁNDEZ SANTIAGO','2023-06-05 23:49:09','2023-06-05 23:49:09',NULL),(1642161,'OSCAR ALEJANDRO GARCÍA GÓMEZ','2023-06-08 21:34:16','2023-06-08 21:34:16',NULL),(1653035,'SUSANA DEYANIRA SALAZAR MATA','2023-06-08 21:34:16','2023-06-08 21:34:16',NULL),(1656184,'SAGRARIO MONSERRATH PEÑA RAMIREZ','2023-06-05 23:59:34','2023-06-05 23:59:34',NULL),(1658291,'JOAQUIN SOBREVILLA ORTIZ','2023-06-11 01:11:34','2023-06-11 01:11:34',NULL),(1662256,'JOSE ANTONIO GALLEGOS ALVAREZ','2023-06-05 23:59:34','2023-06-05 23:59:34',NULL),(1663184,'ESTRADA COVARRUBIAS ELISEO GUADALUPE','2023-06-11 00:18:32','2023-06-11 00:18:32',NULL),(1663842,'GERARDO GUADALUPE CHAPA CERVANTES','2023-06-02 22:58:09','2023-06-02 22:58:09',NULL),(1664215,'BRENDA STEFANIA CAVAZOS CONTRERAS','2023-06-08 21:27:57','2023-06-08 21:27:57',NULL),(1664499,'SEGURA JUAREZ LUIS CARLOS','2023-06-11 00:25:20','2023-06-11 00:25:20',NULL),(1668204,'JESSICA ANAHI VEGA RODRIGUEZ','2023-06-06 00:09:41','2023-06-06 00:09:41',NULL),(1670041,'VANESSA GISELLE VALENCIANO HERNANDEZ','2023-06-06 00:42:00','2023-06-06 00:42:00',NULL),(1670351,'AHELAN AXEL MONTERO PEREZ','2023-06-06 00:07:05','2023-06-06 00:07:05',NULL),(1671586,'JORGE EDUARDO RIVERA HERNANDEZ','2023-06-06 00:17:04','2023-06-06 00:17:04',NULL),(1671706,'ALAN GONZALEZ LEOS','2023-06-06 00:13:12','2023-06-06 00:13:12',NULL),(1674213,'JOSÉ FRANCISCO PUEBLA RÍOS','2023-06-08 21:11:56','2023-06-08 21:11:56',NULL),(1678234,'LUIS FELIPE RODRÍGUEZ HERNÁNDEZ','2023-06-08 21:27:57','2023-06-08 21:27:57',NULL),(1679570,'HERNANDEZ RODRIGUEZ MANUEL DE JESUS','2023-06-11 05:03:12','2023-06-11 05:03:12',NULL),(1681024,'ALAN ISAAC ALDANA NÚÑEZ','2023-06-02 22:01:08','2023-06-02 22:01:08',NULL),(1681088,'HECTOR JAVIER ORTIZ MUÑIZ','2023-06-02 22:01:08','2023-06-02 22:01:08',NULL),(1686752,'LUIS ROBERTO GONZALEZ CAMACHO','2023-06-02 23:10:47','2023-06-02 23:10:47',NULL),(1687609,'RAUL ABRAHAM MARTINEZ LOPEZ','2023-06-08 21:34:49','2023-06-08 21:34:49',NULL),(1687850,'MAIKOL ARIEL PAREDES OLGUIN','2023-06-08 21:40:08','2023-06-08 21:40:08',NULL),(1719826,'VICTOR BÁEZ MIRANDA','2023-06-08 21:45:19','2023-06-08 21:45:19',NULL),(1723462,'RAFAEL REYES MANRIQUE','2023-06-08 21:32:00','2023-06-08 21:32:00',NULL),(1726501,'AZALIA CAROLINA LEAL CAVAZOS','2023-06-02 23:14:33','2023-06-02 23:14:33',NULL),(1727077,'EDGAR ELIAZAR AYALA ESCOBAR','2023-06-08 21:27:57','2023-06-08 21:27:57',NULL),(1730174,'MONICA YAJAHIRA SOTO SANCHEZ','2023-06-02 23:10:47','2023-06-02 23:10:47',NULL),(1731876,'GUADALUPE VILLARREAL ESPINOZA','2023-06-11 01:30:42','2023-06-11 01:30:42',NULL),(1740469,'GONZÁLEZ LUNA GABRIEL RAÚL','2023-06-11 00:21:49','2023-06-11 00:21:49',NULL),(1740757,'ALEXIS EDUARDO NICOLAS VAZQUEZ','2023-06-08 21:11:56','2023-06-08 21:11:56',NULL),(1744137,'RAMIREZ VARGAS MIGUEL ANGEL','2023-06-11 01:34:57','2023-06-11 01:34:57',NULL),(1745062,'EMMERY DANIELA GUILLEN BAUTISTA','2023-06-02 23:10:47','2023-06-02 23:10:47',NULL),(1747348,'JOSUE DARIO PUENTE CASTILLO','2023-06-02 23:03:28','2023-06-02 23:03:28',NULL),(1747697,'IRVING SAENZ COLON','2023-06-06 00:16:15','2023-06-06 00:16:15',NULL),(1750580,'MARTIN ALEJANDRO MALDONADO HERRERA','2023-06-11 01:40:37','2023-06-11 01:40:37',NULL),(1751109,'LUIS EDUARDO RODRIGUEZ ARROYO','2023-06-08 21:32:01','2023-06-08 21:32:01',NULL),(1752352,'ALEXANDER OLAF LOVENO VALDEZ','2023-06-11 01:39:51','2023-06-11 01:39:51',NULL),(1753114,'FRANCISCO EMMANUEL ARIAS LOPEZ','2023-06-08 21:40:08','2023-06-08 21:40:08',NULL),(1753251,'KENIA JANETT ARCHIVAR VÁZQUEZ','2023-06-02 01:58:23','2023-06-02 01:58:23',NULL),(1755130,'GUILLERMO ANDRES PARTIDA GARCIA','2023-06-02 23:02:11','2023-06-02 23:02:11',NULL),(1755322,'JULIÁN ANDRÉ ZÚÑIGA MERCADO','2023-06-02 22:58:20','2023-06-02 22:58:20',NULL),(1794181,'JONATHAN MANUEL MORGAN PEREZ','2023-06-08 21:43:20','2023-06-08 21:43:20',NULL),(1794459,'DIEGO SEBASTIAN ROJAS GARCIA','2023-06-08 21:30:23','2023-06-08 21:30:23',NULL),(1794970,'JOSE EMILIO GUTIERREZ CAVAZOS','2023-06-08 21:43:20','2023-06-08 21:43:20',NULL),(1795868,'ALAN OSVALDO SALAZAR CRUZ','2023-06-08 21:40:08','2023-06-08 21:40:08',NULL),(1797839,'NORMA MELISA VILLANUEVA VEGA','2023-06-11 01:46:58','2023-06-11 01:46:58',NULL),(1798047,'RAMÍREZ DOÑEZ ANDREA GEOVANNA','2023-06-11 01:36:50','2023-06-11 01:36:50',NULL),(1800464,'GABRIELA ISABEL FEMERLING ROMERO','2023-06-08 21:30:23','2023-06-08 21:30:23',NULL),(1801799,'ANA RUTH SOTO URREA','2023-06-08 21:27:57','2023-06-08 21:27:57',NULL),(1802751,'JORGE MIGUEL MATA SAUCEDO','2023-06-08 21:30:23','2023-06-08 21:30:23',NULL),(1804907,'RAMIREZ PEREZ CARLOS EMILIO','2023-06-11 01:37:40','2023-06-11 01:37:40',NULL),(1805181,'GONZALEZ SANTOS CAROLINA','2023-06-11 05:08:48','2023-06-11 05:08:48',NULL),(1810061,'LUIS ALFALFONSO MARTINEZ MARTINEZ','2023-06-11 00:35:43','2023-06-11 00:35:43',NULL),(1810223,'KEVIN ALEJANDRO GARCÍA BRIONES','2023-06-06 00:18:40','2023-06-06 00:18:40',NULL),(1811522,'CRUZ ARTURO SOLÍS SALDÍVAR','2023-06-06 01:02:52','2023-06-06 01:02:52',NULL),(1811632,'ELIOTT ALEJANDRO PEREZ CHACON','2023-06-08 21:36:32','2023-06-08 21:36:32',NULL),(1812042,'CIRO SERGIO LEDEZMA GARCIA','2023-06-02 23:10:09','2023-06-02 23:10:09',NULL),(1813848,'JONATHAN ALEJANDRO VITE PALACIOS','2023-06-02 23:14:33','2023-06-02 23:14:33',NULL),(1814440,'DAVID ÁNGEL GUERRERO DELABRA','2023-06-02 22:58:20','2023-06-02 22:58:20',NULL),(1817111,'LUCIANO ALEXEY SANDOVAL RODRIGUEZ','2023-06-02 22:58:09','2023-06-02 22:58:09',NULL),(1819013,'LUIS ENRIQUE VENEGAS VILLARREAL','2023-06-06 00:49:54','2023-06-06 00:49:54',NULL),(1819014,'SARA PATRICIA VENEGAS VILLARREAL','2023-06-05 23:56:11','2023-06-05 23:56:11',NULL),(1819299,'CESAR LUIS MEDRANO MARTÍNEZ','2023-06-10 02:09:48','2023-06-10 02:09:48',NULL),(1819390,'DE LEÓN PALOMARES LUIS ANTONIO','2023-06-11 00:25:43','2023-06-11 00:25:43',NULL),(1819434,'MAURICIO IVAN ESPINOSA MARTINEZ','2023-06-05 23:59:34','2023-06-05 23:59:34',NULL),(1819652,'GONZÁLEZ AUDIFFRED EDGAR ALEJANDRO','2023-06-11 03:38:24','2023-06-11 03:38:24',NULL),(1819667,'NESTOR MIGUEL ESTRADA PEREZ','2023-06-08 21:32:00','2023-06-08 21:32:00',NULL),(1823840,'VICTORIA RIVAS SALAS','2023-06-02 23:10:47','2023-06-02 23:10:47',NULL),(1828632,'ISELA ANAHÍ TORRES BERNAL','2023-06-10 23:00:06','2023-06-10 23:00:06',NULL),(1837575,'ALEJANDRO TIJERINA HINOJOSA','2023-06-02 22:58:09','2023-06-02 22:58:09',NULL),(1839373,'MIGUEL ALEJANDRO ORUÉ','2023-06-06 01:02:52','2023-06-06 01:02:52',NULL),(1841237,'MIGUEL ANGEL VILLANUEVA INFANTE','2023-06-06 01:13:09','2023-06-06 01:13:09',NULL),(1841405,'EDMUNDO GÓMEZ GONZÁLEZ','2023-06-08 21:36:32','2023-06-08 21:36:32',NULL),(1841650,'SALAZAR RODRÍGUEZ AXEL JULIAN','2023-06-11 00:31:39','2023-06-11 00:31:39',NULL),(1843245,'ARELY LARA GARZA','2023-06-09 09:14:51','2023-06-09 09:14:51',NULL),(1843790,'SUSANA RIVERA CRUZ','2023-06-02 22:38:38','2023-06-02 22:38:38',NULL),(1844264,'ANETTE GISEL PADILLA MORENO','2023-06-05 23:42:04','2023-06-05 23:42:04',NULL),(1845062,'ANA ROCÍO TORRES BERNAL','2023-06-02 22:29:00','2023-06-02 22:29:00',NULL),(1847235,'MELANIE RUBI LEAL SANCHEZ','2023-06-02 23:14:33','2023-06-02 23:14:33',NULL),(1848639,'ISAAC SANOJA BARBOSA','2023-06-08 21:56:43','2023-06-08 21:56:43',NULL),(1848946,'MIGUEL ANGEL VILLARREAL CANTU','2023-06-11 05:17:38','2023-06-11 05:17:38',NULL),(1849166,'IVAN ALEJANDRO RODRÍGUEZ MARRERO','2023-06-02 23:07:59','2023-06-02 23:07:59',NULL),(1849393,'DAVID ALEJANDRO SALAYA LOPEZ','2023-06-02 22:38:38','2023-06-02 22:38:38',NULL),(1849760,'MARTÍNEZ SANDOVAL EDGAR FRANCISCO','2023-06-11 04:51:04','2023-06-11 04:51:04',NULL),(1850619,'CARVAJAL RODRIGUES','2023-06-11 01:27:48','2023-06-11 01:27:48',NULL),(1850763,'MARIANA ORDAZ ALCOCER','2023-06-08 21:30:23','2023-06-08 21:30:23',NULL),(1851024,'TERESITA DE JESUS RODRIGUEZ DAVILA','2023-06-02 23:10:47','2023-06-02 23:10:47',NULL),(1851121,'ANGEL CORONA ESQUIVEL','2023-06-02 23:14:33','2023-06-02 23:14:33',NULL),(1851233,'MIGUEL ANGEL RANGEL SILVA','2023-06-02 22:01:08','2023-06-02 22:01:08',NULL),(1852002,'VALLEJO RAMIREZ VALERIA GUADALUPE','2023-06-11 01:03:52','2023-06-11 01:03:52',NULL),(1852034,'MUÑIZ CEPEDA CESAR','2023-06-11 05:04:04','2023-06-11 05:04:04',NULL),(1853059,'EMILIO LEONEL RAMOS LIMON','2023-06-06 00:08:18','2023-06-06 00:08:18',NULL),(1853262,'ISSAC ALONSO PEREZ ALVARADO','2023-06-11 01:38:08','2023-06-11 01:38:08',NULL),(1855399,'KARINA LIZETH LIMAS MACIAS','2023-06-08 21:34:16','2023-06-08 21:34:16',NULL),(1855903,'GARCIA GUDIÑO RAYMOND ALEJANDRO','2023-06-11 00:49:57','2023-06-11 00:49:57',NULL),(1855940,'MAURICIO GARCIA DEL BOSQUE','2023-06-11 05:09:05','2023-06-11 05:09:05',NULL),(1856049,'EDSON IRAM MORENO QUINTANILLA','2023-06-08 21:32:00','2023-06-08 21:32:00',NULL),(1857368,'HUGO ANTONIO SANDOVAL ARREOLA','2023-06-08 21:34:49','2023-06-08 21:34:49',NULL),(1858306,'NIDIA VANESSA GONZALEZ CASTILLO','2023-06-08 21:34:16','2023-06-08 21:34:16',NULL),(1858676,'JESSICA LILIANA PEREYRA FLORES','2023-06-02 02:15:30','2023-06-02 02:15:30',NULL),(1859968,'VICTOR HIRAM MORALES GAYOSSO','2023-06-02 21:55:16','2023-06-02 21:55:16',NULL),(1860038,'MELANIE JANET LOREDO SALINAS','2023-06-05 23:56:11','2023-06-05 23:56:11',NULL),(1862003,'CRISTOPHER JARED MENDOZA MORENO','2023-06-08 21:11:56','2023-06-08 21:11:56',NULL),(1862317,'CARLOS RAZIEL CHIRINOS SAUNDERS','2023-06-02 22:38:41','2023-06-02 22:38:41',NULL),(1862368,'CASAS COLUNGA GILBERTO','2023-06-10 23:10:57','2023-06-10 23:10:57',NULL),(1862975,'ROBERT DANTE GARCÍA CONTRERAS','2023-06-08 21:11:56','2023-06-08 21:11:56',NULL),(1863450,'GABRIEL ALONSO SANABRIA CERVANTES','2023-06-02 02:20:43','2023-06-02 02:20:43',NULL),(1864707,'GABRIELA MONTSERRAT VAZQUEZ URBINA','2023-06-02 22:54:24','2023-06-02 22:54:24',NULL),(1864988,'LAURA CECILIA GARCIA ORTIZ','2023-06-02 22:58:09','2023-06-02 22:58:09',NULL),(1865030,'EFRACIO GARZA ANDRES GREGORIO','2023-06-11 00:55:31','2023-06-11 00:55:31',NULL),(1865704,'PEDRO GONZALEZ MARTEL','2023-06-02 22:01:08','2023-06-02 22:01:08',NULL),(1867173,'DIEGO GUILLERMO REYNA RAMIREZ','2023-06-02 23:01:19','2023-06-02 23:01:19',NULL),(1867371,'JAHIR ALEJANDRO GONZÁLEZ SALAZAR','2023-06-06 00:31:29','2023-06-06 00:31:29',NULL),(1867475,'NOE ELIAN BOCANEGRA PADILLA','2023-06-02 22:58:20','2023-06-02 22:58:20',NULL),(1867610,'DIEGO EMILIANO LARA GUERRA','2023-06-02 22:38:40','2023-06-02 22:38:40',NULL),(1867799,'LUIS ANGEL MALDONADO PEÑA','2023-06-08 21:43:20','2023-06-08 21:43:20',NULL),(1868406,'LAURO JESUS PEREZ GARCIA','2023-06-02 22:38:41','2023-06-02 22:38:41',NULL),(1868520,'RICARDO ALBERTO GRIMALDO ESTEVEZ','2023-06-06 01:14:34','2023-06-06 01:14:34',NULL),(1869070,'HUGO ANDRÉ CABALLERO FLORES','2023-06-02 22:38:38','2023-06-02 22:38:38',NULL),(1869132,'VÍCTOR MANUEL ZAPATA CAVAZOS','2023-06-02 22:38:38','2023-06-02 22:38:38',NULL),(1869136,'MAURICIO ALEJANDRO GUZMAN GONZALEZ','2023-06-08 21:36:32','2023-06-08 21:36:32',NULL),(1869510,'ANDRÉS EDUARDO GARZA SOLÍS','2023-06-06 00:11:04','2023-06-06 00:11:04',NULL),(1869605,'FRANCISCO URIEL CHAIRES SIMENTAL','2023-06-05 23:59:34','2023-06-05 23:59:34',NULL),(1869840,'JESUS ALBERTO BRIONES ALANIS','2023-06-11 01:23:16','2023-06-11 01:23:16',NULL),(1872542,'ERNESTO GRACIANO MEDINA','2023-06-02 23:16:17','2023-06-02 23:16:17',NULL),(1872833,'KEVIN VAZQUEZ GALLEGOS','2023-06-02 22:01:08','2023-06-02 22:01:08',NULL),(1873202,'MARCO DAVID CASTILLO CANTU','2023-06-02 23:10:47','2023-06-02 23:10:47',NULL),(1874003,'ERNESTO DANIEL LOPEZ ALMARAZ','2023-06-05 23:56:11','2023-06-05 23:56:11',NULL),(1876387,'LUIS ANGEL MISSAEL ESPARZA LOPEZ ','2023-06-02 21:44:56','2023-06-02 21:44:56',NULL),(1877432,'VALERIA ABIGAIL CARRILLO SALDAÑA','2023-06-08 21:30:23','2023-06-08 21:30:23',NULL),(1887846,'CARLOS DANIEL GONZÁLEZ NAVARRETE','2023-06-10 02:09:48','2023-06-10 02:09:48',NULL),(1887851,'ALAN ANDRES MARTINEZ ROMERO','2023-06-08 21:43:20','2023-06-08 21:43:20',NULL),(1887868,'DAVID ARMANDO RUIZ URIBE','2023-06-05 23:56:11','2023-06-05 23:56:11',NULL),(1887909,'GARCIA PEÑA SEAN AXL','2023-06-11 01:01:42','2023-06-11 01:01:42',NULL),(1889990,'JESUS ADRIAN GUERRERO ORTIZ','2023-06-11 00:34:24','2023-06-11 00:34:24',NULL),(1894666,'REYES GOMEZ JESUS ADRIÁN','2023-06-11 01:43:46','2023-06-11 01:43:46',NULL),(1895640,'MIGUEL MARURI MALDONADO','2023-06-05 23:51:22','2023-06-05 23:51:22',NULL),(1895693,'KARLA PAOLA MARTINEZ SEGURA','2023-06-05 23:51:22','2023-06-05 23:51:22',NULL),(1895706,'JONATHAN ALEJANDRO URBINA FLORES','2023-06-06 01:19:17','2023-06-06 01:19:17',NULL),(1895918,'CARLA CATALINA CHAVEZ QUINTANILLA','2023-06-06 00:57:39','2023-06-06 00:57:39',NULL),(1896868,'DENISSE ALEJANDRA CARDOZA PEZINA','2023-06-02 22:38:38','2023-06-02 22:38:38',NULL),(1897884,'MILDRETH DENISSE BÁEZ ALVIZO','2023-06-08 21:46:50','2023-06-08 21:46:50',NULL),(1897954,'MELANIE ELIZABETH TIJERINA MARTINEZ','2023-06-06 00:19:41','2023-06-06 00:19:41',NULL),(1898110,'CUELLAR LUNA JOSE EMILIANO','2023-06-11 04:49:06','2023-06-11 04:49:06',NULL),(1898206,'OSVALDO ESTRADA GUTIÉRREZ','2023-06-02 23:15:12','2023-06-02 23:15:12',NULL),(1898240,'TREVIÑO MORALES JOEL IVAN','2023-06-11 03:48:45','2023-06-11 03:48:45',NULL),(1898351,'EDGAR ALEJANDRO SOSA MOLINA','2023-06-08 21:45:19','2023-06-08 21:45:19',NULL),(1898666,'ELIAM RODRIGUEZ PEREZ','2023-06-06 00:07:11','2023-06-06 00:07:11',NULL),(1899432,'OYERVIDEZ RASCON NHILSE MARIEL','2023-06-11 00:55:12','2023-06-11 00:55:12',NULL),(1900168,'MÉNDEZ GARCÍA KATE','2023-06-11 04:54:03','2023-06-11 04:54:03',NULL),(1902229,'CHARCAS ESCALERA AXEL SAID','2023-06-11 01:29:04','2023-06-11 01:29:04',NULL),(1902345,'ARIAS HERNANDEZ GERARDO OCTAVIO','2023-06-11 01:24:09','2023-06-11 01:24:09',NULL),(1902402,'PEREZ DE LEON GAEL EDUARDO','2023-06-11 05:11:42','2023-06-11 05:11:42',NULL),(1903184,'CARLOS ADRIAN RUIZ HERNANDEZ','2023-06-05 23:50:04','2023-06-05 23:50:04',NULL),(1904151,'ZAIRA NAOMI FLORES ROMAN','2023-06-02 23:12:09','2023-06-02 23:12:09',NULL),(1904354,'ANDRÉS SALAZAR CHARLES','2023-06-06 01:19:17','2023-06-06 01:19:17',NULL),(1904487,'DIEGO JESÚS GONZÁLEZ GONZÁLEZ','2023-06-05 23:49:09','2023-06-05 23:49:09',NULL),(1904572,'YARETZY SARAHI ÁLVAREZ IBARRA','2023-06-02 23:15:12','2023-06-02 23:15:12',NULL),(1904772,'SALDIVAR GARZA ALVARO ANTONIO','2023-06-11 01:03:24','2023-06-11 01:03:24',NULL),(1904850,'GOVEA GODINEZ RICARDO','2023-06-11 03:39:13','2023-06-11 03:39:13',NULL),(1905720,'ANTONIO DE JESÚS HERNÁNDEZ CAUDILLO','2023-06-02 23:15:12','2023-06-02 23:15:12',NULL),(1907158,'ANGEL SOTO LUNA','2023-06-06 00:38:18','2023-06-06 00:38:18',NULL),(1907537,'DEBANHI SAMANTHA CHARLES SILVA','2023-06-06 00:31:29','2023-06-06 00:31:29',NULL),(1907616,'BRISEÑO CRISTERNA ANDRÉS ALEJANDRO','2023-06-11 01:10:44','2023-06-11 01:10:44',NULL),(1907668,'MARIA FERNANDA LOPEZ TORRES','2023-06-05 23:51:22','2023-06-05 23:51:22',NULL),(1907688,'MARIO ENRIQUE FÉLIX IBARRA','2023-06-02 23:15:12','2023-06-02 23:15:12',NULL),(1907861,'JOSÉ ERNESTO MACÍAS SAMPABLO','2023-06-06 01:02:52','2023-06-06 01:02:52',NULL),(1907926,'RODRIGUEZ MORALES JACOB MISAEL','2023-06-11 04:56:52','2023-06-11 04:56:52',NULL),(1908137,'EFRÉN DE JESÚS ENRÍQUEZ NIETO','2023-06-02 23:15:12','2023-06-02 23:15:12',NULL),(1908245,'ALFANO SALDAÑA JUAN IRAM','2023-06-11 05:05:08','2023-06-11 05:05:08',NULL),(1908325,'VALERIA ELISA VALADEZ CERDA','2023-06-06 00:17:54','2023-06-06 00:17:54',NULL),(1909151,'HERNANDEZ MACIAS GERARDO ANDRES','2023-06-11 01:29:52','2023-06-11 01:29:52',NULL),(1909212,'CYNTHIA BERENICE HELU GARCIA','2023-06-08 21:40:08','2023-06-08 21:40:08',NULL),(1909322,'JHOSUA ISSAIAS CALLEJAS SANTOS','2023-06-08 21:36:32','2023-06-08 21:36:32',NULL),(1909726,'MARTINEZ ALVIZO JEREMY','2023-06-11 03:44:43','2023-06-11 03:44:43',NULL),(1909766,'CASTAÑEDA ROMERO KARLA ELIZABETH','2023-06-11 01:39:46','2023-06-11 01:39:46',NULL),(1910142,'ARGUELLO TIENDA EDSON EDUARDO','2023-06-11 03:29:56','2023-06-11 03:29:56',NULL),(1912330,'OSCAR GAEL NAVARRO UZETA','2023-06-10 03:26:20','2023-06-10 03:26:20',NULL),(1912474,'RANGEL ACEVEDO ANGEL ANTONIO','2023-06-11 00:29:23','2023-06-11 00:29:23',NULL),(1913166,'OCHOA RETTA IAN ANTHONY','2023-06-11 00:24:56','2023-06-11 00:24:56',NULL),(1913546,'ALONDRA MIROSLAVA REYNA FLORES','2023-06-08 21:40:07','2023-06-08 21:40:07',NULL),(1914120,'MARTINEZ MARTINEZ FABIOLA GUADALUPE','2023-06-11 04:52:36','2023-06-11 04:52:36',NULL),(1914244,'JORGE LUIS VÁZQUEZ VALDÉS','2023-06-06 00:05:58','2023-06-06 00:05:58',NULL),(1914514,'EDGAR DE JESUS BRIONES BENITEZ','2023-06-11 01:11:01','2023-06-11 01:11:01',NULL),(1914602,'IAN BRANDON PALACIOS','2023-06-08 21:36:32','2023-06-08 21:36:32',NULL),(1915352,'ANDLI ADAMARI TORRES','2023-06-11 01:51:21','2023-06-11 01:51:21',NULL),(1915461,'GABRIEL HIBRAIM GAMERO','2023-06-11 01:50:31','2023-06-11 01:50:31',NULL),(1918407,'MARIO FERNANDO SALINAS CAVAZOS','2023-06-11 01:23:51','2023-06-11 01:23:51',NULL),(1919203,'ANGEL MISAEL CERECERO HAROS','2023-06-08 21:32:25','2023-06-08 21:32:25',NULL),(1919643,'CARLOS ANTONIO ALANIS DE GANTE','2023-06-08 21:46:50','2023-06-08 21:46:50',NULL),(1920746,'EGUIA MANCILLA AMERICA ABIGAIL','2023-06-10 23:53:43','2023-06-10 23:53:43',NULL),(1920878,'SAMANTHA MONSERRAT HERNANDEZ TREVIÑO','2023-06-11 03:39:27','2023-06-11 03:39:27',NULL),(1926276,'FERNANDA HASELL REGINO ELIZONDO','2023-06-11 03:45:43','2023-06-11 03:45:43',NULL),(1927474,'GARCIA NIÑO ANGEL OMAR','2023-06-11 01:41:48','2023-06-11 01:41:48',NULL),(1928013,'DANIEL REYES RODRIGUEZ','2023-06-11 01:31:48','2023-06-11 01:31:48',NULL),(1928709,'MARÍA FERNANDA RODRÍGUEZ MONDRAGÓN','2023-06-08 21:32:25','2023-06-08 21:32:25',NULL),(1929844,'ALEJANDRO ADRIÁN BUSTOS VARGAS','2023-06-06 01:19:17','2023-06-06 01:19:17',NULL),(1937882,'CESAR IVAN ZAVALA MONTES','2023-06-08 21:40:08','2023-06-08 21:40:08',NULL),(1940851,'MIGUEL ÁNGEL DE JESUS ROSALES RAMOS','2023-06-08 21:40:08','2023-06-08 21:40:08',NULL),(1941445,'PONCE DE LEON HERRERA RICARDO','2023-06-11 00:27:37','2023-06-11 00:27:37',NULL),(1941470,'JOSE ALEJANDRO RAYA GARCIA','2023-06-08 21:34:49','2023-06-08 21:34:49',NULL),(1941472,'GARCIA NIÑO ANGEL OMAR','2023-06-10 23:55:12','2023-06-10 23:55:12',NULL),(1941483,'BLANCA ELENA DELGADILLO TRUJILLO','2023-06-02 22:38:40','2023-06-02 22:38:40',NULL),(1941489,'MONTEJO LEZAMA VELVET DANIELA','2023-06-11 00:22:34','2023-06-11 00:22:34',NULL),(1941537,'ANA LUCIA CORONADO TRISTAN','2023-06-02 22:38:41','2023-06-02 22:38:41',NULL),(1944697,'PAMELA CORDOVA CRUZ','2023-06-02 02:00:24','2023-06-02 02:00:24',NULL),(1945422,'NUÑEZ TORRES PERLA GISEL','2023-06-11 00:25:50','2023-06-11 00:25:50',NULL),(1945466,'GARZA RODRIGUEZ ARIADNA','2023-06-11 01:33:32','2023-06-11 01:33:32',NULL),(1945911,'GARCÍA CAMACHO ALBERTO ADRIAN','2023-06-10 23:35:15','2023-06-10 23:35:15',NULL),(1946053,'VON WERNICH ACEVEDO KAROL MARIANA','2023-06-11 03:52:33','2023-06-11 03:52:33',NULL),(1946401,'JESUS ENRIQUE GONZALEZ MARTINEZ','2023-06-11 05:09:46','2023-06-11 05:09:46',NULL),(1947124,'DEL ANGEL DEL ANGEL DIANA PATRICIA','2023-06-10 23:52:39','2023-06-10 23:52:39',NULL),(1947215,'DAVILA CASTRO RAUL TADEO','2023-06-11 00:17:45','2023-06-11 00:17:45',NULL),(1947674,'JOSE MANUEL BUSTOS GUZMAN','2023-06-11 03:36:59','2023-06-11 03:36:59',NULL),(1947730,'EDGAR GERARDO RODRIGUEZ MARTINEZ','2023-06-02 22:53:28','2023-06-02 22:53:28',NULL),(1947756,'ÁNGEL RENÉ HERNÁNDEZ GARCÍA','2023-06-05 23:40:03','2023-06-05 23:40:03',NULL),(1948219,'RODRIGUEZ CHAVEZ MAURICIO ALEJANDRO','2023-06-11 01:01:53','2023-06-11 01:01:53',NULL),(1948672,'OLIVER CANDELARIO TREVIÑO RAMIREZ','2023-06-02 21:44:56','2023-06-02 21:44:56',NULL),(1948989,'ALANIS LEAL SEBASTIAN','2023-06-11 01:19:48','2023-06-11 01:19:48',NULL),(1949080,'LOPEZ FABELA ANDRES TADEO','2023-06-11 01:34:50','2023-06-11 01:34:50',NULL),(1950240,'DIANA MARÍA GONZÁLEZ ABREGO','2023-06-06 00:17:30','2023-06-06 00:17:30',NULL),(1950524,'MIGUEL CUELLA QUINTERO','2023-06-02 22:21:38','2023-06-02 22:21:38',NULL),(1951307,'SWEMY GUADALUPE LÓPEZ HERNÁNDEZ','2023-06-06 00:10:56','2023-06-06 00:10:56',NULL),(1952455,'DANIEL ALFONSO DOLBOA GUTIERREZ','2023-06-11 01:10:17','2023-06-11 01:10:17',NULL),(1953114,'SALDIVAR HERNANDEZ ALEXANDRA','2023-06-11 04:59:48','2023-06-11 04:59:48',NULL),(1955286,'ZULEMA SARAHÍ BLANCO OJEDA','2023-06-06 00:04:04','2023-06-06 00:04:04',NULL),(1956712,'ESPINOZA MORALES ISAAC','2023-06-11 03:33:34','2023-06-11 03:33:34',NULL),(1956930,'DEREK ANTONIO GUTIÉRREZ TORRES','2023-06-11 01:32:31','2023-06-11 01:32:31',NULL),(1956992,'ALEXIS GARCÍA MORALES','2023-06-11 03:43:28','2023-06-11 03:43:28',NULL),(1957128,'FITCH ESPINOSA BARBARA','2023-06-11 01:32:36','2023-06-11 01:32:36',NULL),(1957920,'JORGE EMILIO OVALLE ESCOBEDO','2023-06-02 01:58:23','2023-06-02 01:58:23',NULL),(1958989,'ALANIS LEAL SEBASTIAN','2023-06-11 01:23:25','2023-06-11 01:23:25',NULL),(1959520,'CASTILLO PACHECO EMILIO YAIR','2023-06-02 21:44:56','2023-06-02 21:44:56',NULL),(1959863,'ALEJANDRO SAHID DÍAZ ORTA','2023-06-05 23:49:09','2023-06-05 23:49:09',NULL),(1960023,'KAREN VICTORIA VARGAS CRUZ','2023-06-02 02:28:36','2023-06-02 02:28:36',NULL),(1960069,'DE LOS SANTOS CASTOR JORGE','2023-06-10 23:15:04','2023-06-10 23:15:04',NULL),(1960078,'ELAIZA SARAI CORDOBA HERNANDEZ','2023-06-11 01:12:32','2023-06-11 01:12:32',NULL),(1960426,'CEDILLO CHARLES CARLOS','2023-06-10 23:11:48','2023-06-10 23:11:48',NULL),(1960842,'GARCIA VAZQUEZ JOHAN ANTONIO','2023-06-11 01:17:57','2023-06-11 01:17:57',NULL),(1960847,'JOHAN ANTONIO GARCIA VÁZQUEZ','2023-06-11 01:16:37','2023-06-11 01:16:37',NULL),(1961238,'DANTE OMAR FERNANDEZ MANOLLA','2023-06-11 01:21:43','2023-06-11 01:21:43',NULL),(1961800,'BRIONES CHAVEZ SILVIA AIMEE','2023-06-11 00:58:08','2023-06-11 00:58:08',NULL),(1962426,'GUTIERREZ SALGADO TANIA','2023-06-10 23:16:53','2023-06-10 23:16:53',NULL),(1962531,'JOSÉ EMILIANO FRÍAS FÉLIX','2023-06-02 01:58:23','2023-06-02 01:58:23',NULL),(1964304,'JORGE ARMANDO SERRANO CABALLERO','2023-06-11 05:16:19','2023-06-11 05:16:19',NULL),(1964989,'JESUS DIONISIO MERLO LOZANO','2023-06-06 00:08:09','2023-06-06 00:08:09',NULL),(1965180,'FÁTIMA ABIGAIL LÓPEZ AGUILERA','2023-06-06 00:03:18','2023-06-06 00:03:18',NULL),(1968392,'VILLEGAS OBREGON GUILLERMO ALEJANDRO','2023-06-10 23:33:41','2023-06-10 23:33:41',NULL),(1968677,'VILLA ARREGUIN SERGIO DANIEL','2023-06-10 23:32:58','2023-06-10 23:32:58',NULL),(1968956,'DAVILA MORENO INGRID VANESSA','2023-06-11 01:16:33','2023-06-11 01:16:33',NULL),(1970269,'SANCHEZ CAVAZOS KEVIN ALBERTO','2023-06-11 00:32:51','2023-06-11 00:32:51',NULL),(1970302,'CARLOS YAHIR ARTEAGA RODRÍGUEZ','2023-06-10 04:35:17','2023-06-10 04:35:17',NULL),(1970636,'MENDEZ ESTRADA ERICK FRANCO','2023-06-11 01:42:52','2023-06-11 01:42:52',NULL),(1971342,'MARCO ANTONIO IBAÑEZ TELLEZ','2023-06-05 23:44:56','2023-06-05 23:44:56',NULL),(1972507,'EVANGELISTA JASSO REBECA','2023-06-11 04:48:38','2023-06-11 04:48:38',NULL),(1975922,'LUCERO JAQUELIN MENDOZA ALEJANDRO','2023-06-05 23:40:03','2023-06-05 23:40:03',NULL),(1979420,'ROMÁN GONZÁLEZ ARMENDÁRIZ','2023-06-05 23:49:09','2023-06-05 23:49:09',NULL),(1985194,'GONZALEZ CASTILLERO JOSE MIGUEL','2023-06-11 01:13:19','2023-06-11 01:13:19',NULL),(1985203,'DANIELA RODRÍGUEZ NOCEDO','2023-06-11 01:46:19','2023-06-11 01:46:19',NULL),(1986178,'DELGADILLO TRUJILLO BLANCA ELIZABETH','2023-06-11 03:32:49','2023-06-11 03:32:49',NULL),(1986241,'ANDRÉ SOLÍS PERALTA','2023-06-10 02:09:48','2023-06-10 02:09:48',NULL),(1986397,'RODRIGUEZ GONZALEZ ERNESTO','2023-06-11 05:13:58','2023-06-11 05:13:58',NULL),(1989947,'OMAR DE JESUS RODRÍGUEZ AMAYA','2023-06-02 22:38:38','2023-06-02 22:38:38',NULL),(1989983,'KAREN CECILIA SANCHEZ SALAZAR','2023-06-09 12:09:17','2023-06-09 12:09:17',NULL),(1989995,'AIDA ELIZABETH CIPRIANO ROMO','2023-06-08 21:32:00','2023-06-08 21:32:00',NULL),(1990035,'ILEANA PAOLA SALAS MEZA','2023-06-11 05:05:48','2023-06-11 05:05:48',NULL),(1990048,'SOFIA LORENA CARRILLO JASSO','2023-06-08 21:43:20','2023-06-08 21:43:20',NULL),(1990054,'JOSÉ DE JESÚS ORTIZ MÁRQUEZ','2023-06-08 21:32:25','2023-06-08 21:32:25',NULL),(1990071,'GERARDO DE JESÚS SOSA GODINA','2023-06-02 22:58:20','2023-06-02 22:58:20',NULL),(1990082,'CELINA CABALLERO GUTIÉRREZ','2023-06-08 21:32:25','2023-06-08 21:32:25',NULL),(1990122,'TREVIÑO OLVERA LUIS DAVID','2023-06-11 01:40:26','2023-06-11 01:40:26',NULL),(1990130,'JOSUÉ EMILIANO ESPINOZA GUTIÉRREZ','2023-06-10 02:09:48','2023-06-10 02:09:48',NULL),(1994104,'ESTRADA VALDEZ MARLA JUDITH','2023-06-11 01:25:37','2023-06-11 01:25:37',NULL),(1994320,'DE LOS RIOS MARTINEZ JOSR JAIME','2023-06-11 01:40:39','2023-06-11 01:40:39',NULL),(1994666,'REYES GOMEZ JESUS ADRIAN','2023-06-10 23:29:14','2023-06-10 23:29:14',NULL),(1994917,'MORENO GONZALES LEONARDO','2023-06-11 00:23:09','2023-06-11 00:23:09',NULL),(1995923,'NORIEGA MORENO JOSE MARIA','2023-06-11 00:24:49','2023-06-11 00:24:49',NULL),(1996239,'PEÑA MENDOZA CESAR ISAAC','2023-06-11 03:50:00','2023-06-11 03:50:00',NULL),(1996327,'ANA LIZBETH IBARRA ESPINOZA','2023-06-11 03:40:05','2023-06-11 03:40:05',NULL),(1996774,'JESUS SEBASTIAN MONTOYA VELAZCO','2023-06-11 01:42:49','2023-06-11 01:42:49',NULL),(1998739,'ALDO ROGELIO GONZÁLEZ ZAPATA','2023-06-06 01:17:47','2023-06-06 01:17:47',NULL),(2000246,'MARIJOSE SILVA GONZÁLEZ','2023-06-02 02:07:18','2023-06-02 02:07:18',NULL),(2001215,'ZAMORA GRAJEDA MATEO','2023-06-11 05:18:02','2023-06-11 05:18:02',NULL),(2001256,'CARVAJAL GUEVARA PAOLA JUDITH','2023-06-11 01:38:40','2023-06-11 01:38:40',NULL),(2001265,'CARVAJAL GUEVARA PAOLA JUDITH','2023-06-11 03:31:50','2023-06-11 03:31:50',NULL),(2001476,'ALMA DANIELA GARZA PALOMINO','2023-06-06 00:50:24','2023-06-06 00:50:24',NULL),(2001490,'LANDIN SOLIS DANIELA','2023-06-11 00:57:09','2023-06-11 00:57:09',NULL),(2002966,'ROBLES TREVIÑO EMILIO ALBERTO','2023-06-11 00:30:57','2023-06-11 00:30:57',NULL),(2003051,'ZERTUCHE PEREZ MAX ANDRES','2023-06-11 01:38:00','2023-06-11 01:38:00',NULL),(2003266,'ROMO RAMIREZ FERNANDO EMILIANO','2023-06-11 01:38:57','2023-06-11 01:38:57',NULL),(2003723,'PONCE PEREZ ROBERTO','2023-06-11 05:12:37','2023-06-11 05:12:37',NULL),(2006198,'NARAYANI CABRERA CARRERA','2023-06-11 01:52:13','2023-06-11 01:52:13',NULL),(2008008,'VALERIA ALEJANDRA VILLARREAL GARZA','2023-06-06 00:18:30','2023-06-06 00:18:30',NULL),(2008229,'HERNANDEZ SALAZAR ANA SOFIA','2023-06-11 01:30:16','2023-06-11 01:30:16',NULL),(2008756,'SAUCEDO GALICIA ALAN GABRIEL','2023-06-11 01:36:05','2023-06-11 01:36:05',NULL),(2009383,'ISAY CALOCH GEORGE','2023-06-11 00:33:48','2023-06-11 00:33:48',NULL),(2009810,'ARIAS DE LA VEGA DAVID EDUARDO','2023-06-10 23:02:31','2023-06-10 23:02:31',NULL),(2011553,'LEAL GARZA DANNA JIMENA','2023-06-11 01:13:32','2023-06-11 01:13:32',NULL),(2011804,'SOSA JUAREZ JOSE MANUEL','2023-06-11 05:02:16','2023-06-11 05:02:16',NULL),(2011968,'GARZA LOPEZ JUQN ANGEL','2023-06-11 01:27:03','2023-06-11 01:27:03',NULL),(2012972,'CRUZ HERNANDEZ RUBI MELISSA','2023-06-10 23:05:26','2023-06-10 23:05:26',NULL),(2015248,'QUINTANILLA ESQUIVEL BENJAMIN ALEJANDRO','2023-06-11 01:00:10','2023-06-11 01:00:10',NULL),(2015781,'SÁNCHEZ HERNÁNDEZ BERNARDO ASAEL','2023-06-11 01:39:30','2023-06-11 01:39:30',NULL),(2016699,'MORIN TRISTAN GUILLERMO JAVIER','2023-06-11 01:36:16','2023-06-11 01:36:16',NULL),(2021642,'ALFREDO ROSAS RODRIGUEZ','2023-06-11 01:15:22','2023-06-11 01:15:22',NULL),(2022316,'JENNIFER CARLY GARCIA SALDAÑA','2023-06-06 00:42:36','2023-06-06 00:42:36',NULL),(2022536,'SOLIS GUTIERREZ LUIS MARIO','2023-06-11 05:14:29','2023-06-11 05:14:29',NULL),(2025018,'CARLOS ALBERTO PECINA AGUIRRE','2023-06-11 05:12:40','2023-06-11 05:12:40',NULL),(2025650,'MENDOZA GARZA GUILLERMO','2023-06-11 00:20:11','2023-06-11 00:20:11',NULL),(2025981,'MARTELL GARZA PAOLA GUADALUPE','2023-06-11 00:54:40','2023-06-11 00:54:40',NULL),(2026057,'SALAS LUCIO KARINA ELIZABETH','2023-06-11 01:15:35','2023-06-11 01:15:35',NULL),(2026718,'MARTINEZ TORRES RENE SAMUEL','2023-06-11 03:48:17','2023-06-11 03:48:17',NULL),(2026779,'CARRERA ZAMORA ANDREA','2023-06-10 23:49:59','2023-06-10 23:49:59',NULL),(2031917,'MAX ADALBERTO TERRAZAS MORAN','2023-06-06 01:02:52','2023-06-06 01:02:52',NULL),(2034170,'ALAN HOMERO BUSTAMANTE PASCUAL','2023-06-05 23:49:09','2023-06-05 23:49:09',NULL),(2034173,'RENE EDUARDO CHAIRES DE LEÓN','2023-06-11 01:34:44','2023-06-11 01:34:44',NULL),(2034236,'ALEJANDRO GONZÁLEZ EGUIA','2023-06-02 22:58:20','2023-06-02 22:58:20',NULL),(2034261,'JOSE ARMANDO HERNANDEZ SANTANDER','2023-06-08 21:40:07','2023-06-08 21:40:07',NULL),(2038118,'DANIEL ABISAI MONTELONGO VAZQUEZ','2023-06-11 03:51:55','2023-06-11 03:51:55',NULL),(2041605,'RODRIGUEZ MORALES EDWIN AARON','2023-06-11 01:16:05','2023-06-11 01:16:05',NULL),(2042893,'DIEGO ARMANDO ESCOBAR ZAMARRON','2023-06-11 01:30:04','2023-06-11 01:30:04',NULL),(2045627,'ISAAC EMILIANO NIÑO ROSAS','2023-06-11 01:37:07','2023-06-11 01:37:07',NULL),(2046795,'VALERIO LUMBRERAS IANCARLO','2023-06-11 04:58:43','2023-06-11 04:58:43',NULL),(2046834,'JORGE MARTINEZ MAGALLAN','2023-06-11 01:44:39','2023-06-11 01:44:39',NULL),(2047358,'ACOSTA ARGUETA NATALIE YADURA','2023-06-11 01:18:40','2023-06-11 01:18:40',NULL),(2048127,'ORDOÑEZ BRAVO GLENDA CARLA','2023-06-11 00:51:04','2023-06-11 00:51:04',NULL),(2048283,'CHAPA GARZA STACY YAMILI','2023-06-10 23:04:06','2023-06-10 23:04:06',NULL),(2049563,'VARGAS CISNEROS RODRIGO ANGEL','2023-06-11 03:49:58','2023-06-11 03:49:58',NULL),(2049814,'KEREN SUZETTE NAVA LUCIO','2023-06-11 01:22:18','2023-06-11 01:22:18',NULL),(2050039,'SEGURA CHÁVEZ JESÚS EMILIANO','2023-06-11 05:20:13','2023-06-11 05:20:13',NULL),(2050637,'ADRIANA CRISITNA GARZA RODRIGUEZ','2023-06-06 00:52:22','2023-06-06 00:52:22',NULL),(2052355,'MARTINEZ DIAZ LUIS ENRIQUE','2023-06-11 00:18:41','2023-06-11 00:18:41',NULL),(2057685,'JOSE ALEJANDRO AGUILAR PALOMO','2023-06-11 03:47:02','2023-06-11 03:47:02',NULL),(2058917,'RIOS FLORES DULCE MARIA','2023-06-11 01:00:50','2023-06-11 01:00:50',NULL),(2059700,'ANGEL EDUARDO MORENA LOPÉZ','2023-06-11 05:18:54','2023-06-11 05:18:54',NULL),(2062721,'ELIUD ASAEL SÁNCHEZ ÁVILA','2023-06-06 00:58:15','2023-06-06 00:58:15',NULL),(2062746,'ISABELLA MARTINEZ CORNEJO','2023-06-11 01:37:38','2023-06-11 01:37:38',NULL),(2063941,'CORONADO LUNA ROBERTO RRENE','2023-06-11 05:06:47','2023-06-11 05:06:47',NULL),(2064021,'CARREÑO PAEZ KAROL JOANNA','2023-06-11 00:58:30','2023-06-11 00:58:30',NULL),(2064445,'SALAZAR FUENTES CHRISTIAN EDUARDO','2023-06-11 04:58:59','2023-06-11 04:58:59',NULL),(2065803,'MARIANA LEÓN FERRAL','2023-06-11 01:43:12','2023-06-11 01:43:12',NULL),(2071910,'GUZMAN DE LEON SOFIA TANAHIRI','2023-06-11 00:22:17','2023-06-11 00:22:17',NULL),(2072653,'AYLIN CELESTE RODRÍGUEZ CAVAZOS','2023-06-06 00:58:15','2023-06-06 00:58:15',NULL),(2076186,'PÉREZ RAMIREZ TESSA AYLLEN','2023-06-11 03:50:33','2023-06-11 03:50:33',NULL),(2076219,'GALINDO ACOSTA AYLIN','2023-06-11 00:21:14','2023-06-11 00:21:14',NULL),(2076229,'PAMELA CECILLE TAPIA ARREDONDO','2023-06-06 00:48:42','2023-06-06 00:48:42',NULL),(2076253,'NELLY RANGEL JIMENEZ','2023-06-02 02:30:02','2023-06-02 02:30:02',NULL),(2076307,'LEONARDO DANIEL CERVANTES LARRAGA','2023-06-06 00:05:58','2023-06-06 00:05:58',NULL),(2076390,'GARCIA BAUTISTA GABRIEL FARID','2023-06-10 23:54:42','2023-06-10 23:54:42',NULL),(2076458,'SAENZ ESTRADA MICHELLE ANAHI','2023-06-11 03:46:36','2023-06-11 03:46:36',NULL),(2076461,'JORGE ALBERTO SALDAÑA HERRERA','2023-06-11 03:56:48','2023-06-11 03:56:48',NULL),(2082941,'BRYAN ALEJANDRO TORRES FUENTES','2023-06-06 00:57:39','2023-06-06 00:57:39',NULL),(2082952,'BARBARA SOPHIA BAÑOS TERRONES','2023-06-02 02:02:35','2023-06-02 02:02:35',NULL),(2086016,'MELISSA DE JESUS HERNANDEZ MUÑOZ','2023-06-11 05:10:19','2023-06-11 05:10:19',NULL),(2086032,'BONILLA GONZALEZ BRENDA ELIZABETH','2023-06-11 00:47:44','2023-06-11 00:47:44',NULL),(2086040,'MARYFER RAMOS BUSTOS','2023-06-11 01:43:42','2023-06-11 01:43:42',NULL),(2086041,'PEREZ JIMENEZ MARIO DANIEL','2023-06-11 04:57:02','2023-06-11 04:57:02',NULL),(2086045,'FLORES MONTES ISIS ESMERALDA','2023-06-11 00:27:12','2023-06-11 00:27:12',NULL),(2086070,'CLAUDIA ITZEL HERNÁNDEZ VARGAS','2023-06-10 23:18:28','2023-06-10 23:18:28',NULL),(2086072,'OLVERA ROMERO ATZEL','2023-06-11 03:49:29','2023-06-11 03:49:29',NULL),(2086095,'CARLOS DANIEL PINKUS MARTINEZ','2023-07-14 22:39:16','2023-07-14 22:39:16',NULL),(2086104,'LOZA LLAMAS ARANTZA','2023-06-11 05:10:39','2023-06-11 05:10:39',NULL),(2086131,'MORENO LOPEZ PEDRO ENRIQUE','2023-06-11 00:24:11','2023-06-11 00:24:11',NULL),(2086140,'CRUZ HERNÁNDEZ MANUEL ALEJANDRO','2023-06-11 03:32:20','2023-06-11 03:32:20',NULL),(2086152,'CARLOS GÓMEZ LÓPEZ','2023-06-02 02:01:19','2023-06-02 02:01:19',NULL),(2086161,'HERMLO PALOMEQUE GOMEZ','2023-06-11 01:14:57','2023-06-11 01:14:57',NULL),(2086243,'SOFIA FABIOLA ALVAREZ TREVIÑO','2023-06-06 00:51:02','2023-06-06 00:51:02',NULL),(2086255,'VAZQUEZ CAVAZOS GUILLERMO','2023-06-11 01:37:06','2023-06-11 01:37:06',NULL),(2086268,'CUEVAS ARREOLA ELIZABETH','2023-06-11 04:48:12','2023-06-11 04:48:12',NULL),(2086275,'RAMOS CARRILLO JUAN PABLO','2023-06-11 00:33:20','2023-06-11 00:33:20',NULL),(2086278,'SALDAÑA ORTIZ JORDI ALEXIS','2023-06-11 00:32:11','2023-06-11 00:32:11',NULL),(2122899,'ANDREA MELISSA MARES ORTEGA','2023-06-11 01:47:22','2023-06-11 01:47:22',NULL),(2127289,'MARÍA MERCEDES THOMAS RIVADULLA','2023-06-02 01:59:20','2023-06-02 01:59:20',NULL),(2132865,'ARLETH SAHIAN ROMERO CESPEDES','2023-06-11 05:15:19','2023-06-11 05:15:19',NULL),(2132883,'VAZQUEZ CRUZ BRENDA ELIZABETH','2023-06-11 01:37:30','2023-06-11 01:37:30',NULL),(2132913,'CANCINO CUENCA FERNANDO ADOLFO','2023-06-11 01:24:45','2023-06-11 01:24:45',NULL),(2132916,'MENDOZA GONZALEZ ROXANNA ABIGAIL','2023-06-10 23:23:54','2023-06-10 23:23:54',NULL),(2132951,'MARTINEZ MARTINEZ AXEL SANTIAGO','2023-06-11 00:24:06','2023-06-11 00:24:06',NULL),(2132967,'AVRIL MARLENE MARTÍNEZ GÓMEZ','2023-06-06 00:25:34','2023-06-06 00:25:34',NULL),(2133201,'JIMENEZ CRUZ VICTOR ASRIEL','2023-06-11 04:50:19','2023-06-11 04:50:19',NULL),(2173424,'GONZALEZ ACOSTA GRECIA MARIANA','2023-06-10 23:27:20','2023-06-10 23:27:20',NULL),(2174840,'OLIVER FRANCISCO GUERRERO ORTIZ','2023-06-11 00:35:19','2023-06-11 00:35:19',NULL),(5454545,'USUARIO PRUEBA U','2023-07-22 01:03:59','2023-07-22 01:03:59',NULL),(5454546,'USUARIO PRUEBA D','2023-07-22 01:03:59','2023-07-22 01:03:59',NULL),(9343434,'DDD FFF CC','2023-07-27 22:55:35','2023-07-27 22:55:35',NULL),(20266779,'CARRERA ZAMORA ANDREA','2023-06-11 04:47:42','2023-06-11 04:47:42',NULL),(21322984,'DELGADO ESQUIVEL ALFREDO EMILIANO','2023-06-11 00:49:08','2023-06-11 00:49:08',NULL);
/*!40000 ALTER TABLE `students` ENABLE KEYS */;
UNLOCK TABLES;

--
-- Table structure for table `teachers`
--

DROP TABLE IF EXISTS `teachers`;
/*!40101 SET @saved_cs_client     = @@character_set_client */;
/*!40101 SET character_set_client = utf8 */;
CREATE TABLE `teachers` (
  `id` bigint(20) unsigned NOT NULL AUTO_INCREMENT,
  `fullName` varchar(100) COLLATE utf8mb4_unicode_ci NOT NULL,
  `email` varchar(50) COLLATE utf8mb4_unicode_ci NOT NULL,
  `user` bigint(20) unsigned NOT NULL,
  `created_at` timestamp NULL DEFAULT NULL,
  `updated_at` timestamp NULL DEFAULT NULL,
  `deleted_at` timestamp NULL DEFAULT NULL,
  PRIMARY KEY (`id`),
  KEY `teachers_user_foreign` (`user`),
  CONSTRAINT `teachers_user_foreign` FOREIGN KEY (`user`) REFERENCES `users` (`id`)
) ENGINE=InnoDB AUTO_INCREMENT=14 DEFAULT CHARSET=utf8mb4 COLLATE=utf8mb4_unicode_ci;
/*!40101 SET character_set_client = @saved_cs_client */;

--
-- Dumping data for table `teachers`
--

LOCK TABLES `teachers` WRITE;
/*!40000 ALTER TABLE `teachers` DISABLE KEYS */;
INSERT INTO `teachers` (`id`, `fullName`, `email`, `user`, `created_at`, `updated_at`, `deleted_at`) VALUES (5,'Abigail Palacios','alberta.palaciosgrz@uanl.edu.mx',228,'2023-06-09 02:01:48','2023-06-09 02:01:48',NULL),(6,'Maestro_test','Maestro_test@gmail.com',241,'2023-07-22 00:57:02','2023-07-22 00:57:02',NULL),(7,'AdminTeacher','AdminTeacher@gmail.com',246,'2023-07-27 22:47:59','2023-07-27 22:47:59',NULL),(8,'Claudia Itzel','citzel.hv@gmail.com',250,'2023-08-22 21:19:17','2023-08-22 21:19:17',NULL),(9,'MaestroSendEmail','ernesto.gracianoma@uanl.edu.mx',251,'2023-08-22 21:50:58','2023-08-22 21:54:30','2023-08-22 21:54:30'),(10,'MaestroSendEmail','ernesto.gracianoma@uanl.edu.mx',252,'2023-08-22 21:54:45','2023-08-22 21:54:45',NULL),(11,'Raul','citzel.hv@gmail.com',253,'2023-08-22 21:56:26','2023-08-22 21:56:48','2023-08-22 21:56:48'),(12,'Raul','citzel.hv@gmail.com',254,'2023-08-22 21:56:57','2023-08-22 21:59:31','2023-08-22 21:59:31'),(13,'Raul','citzel.hv@gmail.com',255,'2023-08-22 21:59:40','2023-08-22 21:59:40',NULL);
/*!40000 ALTER TABLE `teachers` ENABLE KEYS */;
UNLOCK TABLES;

--
-- Table structure for table `users`
--

DROP TABLE IF EXISTS `users`;
/*!40101 SET @saved_cs_client     = @@character_set_client */;
/*!40101 SET character_set_client = utf8 */;
CREATE TABLE `users` (
  `id` bigint(20) unsigned NOT NULL AUTO_INCREMENT,
  `key` int(11) NOT NULL,
  `password` varchar(255) COLLATE utf8mb4_unicode_ci NOT NULL,
  `rol` enum('admin','staff','expositor','teacher') COLLATE utf8mb4_unicode_ci NOT NULL,
  `permanent` tinyint(1) NOT NULL,
  `created_at` timestamp NULL DEFAULT NULL,
  `updated_at` timestamp NULL DEFAULT NULL,
  `deleted_at` timestamp NULL DEFAULT NULL,
  PRIMARY KEY (`id`)
) ENGINE=InnoDB AUTO_INCREMENT=256 DEFAULT CHARSET=utf8mb4 COLLATE=utf8mb4_unicode_ci;
/*!40101 SET character_set_client = @saved_cs_client */;

--
-- Dumping data for table `users`
--

LOCK TABLES `users` WRITE;
/*!40000 ALTER TABLE `users` DISABLE KEYS */;
INSERT INTO `users` (`id`, `key`, `password`, `rol`, `permanent`, `created_at`, `updated_at`, `deleted_at`) VALUES (1,546220,'$2y$10$KvM7XZuq20h0BQL9ZhbIQOpCu.rjSN0D72dMpjeAoFCQuOAe4m0aW','admin',1,'2023-05-30 21:57:23','2023-07-17 21:39:54',NULL),(2,659854,'$2y$10$Hp9XgAyvzUYhY1qrOj5WA.S5Fzwq3xNmiLLV9xK45jsSoRlkrxyCG','staff',1,'2023-05-30 21:57:23','2023-07-17 21:39:54',NULL),(21,1753251,'$2y$10$bEv0tC10HCftayazD0I5iOo1IoGBH2RnuErFv/0/ZX32z47mH0Y8y','expositor',0,'2023-06-02 01:58:23','2023-07-17 21:39:54',NULL),(22,1962531,'$2y$10$wq8UBANzIs9CSwopwZqec.Dojy2eyEOGZC.68kcim8oR73QccmnXa','expositor',0,'2023-06-02 01:58:23','2023-07-17 21:39:54',NULL),(23,1957920,'$2y$10$9jjbzh.6wUDWr4NksB/rgu30.UkATCvpSy1Z37.N5KS.IXctmYPAe','expositor',0,'2023-06-02 01:58:23','2023-07-17 21:39:54',NULL),(24,2127289,'$2y$10$nKJm66GJd3wqXMaeLfNSoOKUC8pD0E4v0Az3yDw7dWBB.XZcJCBsK','expositor',0,'2023-06-02 01:59:20','2023-07-17 21:39:54',NULL),(25,1944697,'$2y$10$9h1jy/HULzZ/LFYZZJTtQuwvzOmHGNELtis9XneduTPx/jigtT4Nu','expositor',0,'2023-06-02 02:00:24','2023-07-17 21:39:55',NULL),(26,2086152,'$2y$10$4zC76LRFr06UCFmXRg8v1OA7qgWOBvt9JOLfCEpYH7TBpvmgP5A1u','expositor',0,'2023-06-02 02:01:19','2023-07-17 21:39:55',NULL),(27,2082952,'$2y$10$Q.S7v7AqM.D384rTaDYi6e41XZkH13Wx723oN1I0S8E5uP5yDva6q','expositor',0,'2023-06-02 02:02:35','2023-07-17 21:39:55',NULL),(28,2000246,'$2y$10$V3bCoDn6.pUs9Xtogfp.oOv1mVJkYq4S79sRYjASjz1vgdpO7gyEq','expositor',0,'2023-06-02 02:07:18','2023-07-17 21:39:55',NULL),(29,1904354,'$2y$10$GLAtMbnHYGhap0dCm7.QXevEIpMugFCAc6efiET90DNY0/o46UuPm','expositor',0,'2023-06-02 02:13:44','2023-07-17 21:39:55',NULL),(30,1986217,'$2y$10$cmVZ2I9G4lX6JgQMSCojNOmLZome3I39ByNRT.GkG1ZUhLJ80GG7y','expositor',0,'2023-06-02 02:14:47','2023-07-17 21:39:55',NULL),(31,1858676,'$2y$10$W3AfPEQIxUHYUp9prgUgs.IFsCtTJAv30/quk2vNw7k8KKScY7dlW','expositor',0,'2023-06-02 02:15:30','2023-07-17 21:39:55',NULL),(32,1876387,'$2y$10$ajjVRPjGkztZQhSj0xB/x.oTcBPNjg3pD0V6O/Eugvz9aSHfOA1Qi','expositor',0,'2023-06-02 02:16:20','2023-07-17 21:39:55',NULL),(33,1863450,'$2y$10$zPQXIGYzradPNVSu0Enz3eIM3aYrQEYP8ixxfusLOA9GjYfJHuzYi','expositor',0,'2023-06-02 02:20:43','2023-07-17 21:39:55',NULL),(34,1960023,'$2y$10$j/Nw1NBsR2Bo1KkBRKN7LOaTNhZpql/pcj9qBjUbnhczdF3Fet6Pu','expositor',0,'2023-06-02 02:28:36','2023-07-17 21:39:55',NULL),(35,2076253,'$2y$10$GKgZwWQ4WT0Hoa3tFea3keuuIaHloQqV0/iRnrVWRdHDy.sU6ionK','expositor',0,'2023-06-02 02:30:02','2023-07-17 21:39:56',NULL),(36,1178993,'sBcNLZLNQ2UoW','teacher',1,'2023-06-02 21:26:02','2023-06-09 02:02:43','2023-06-09 02:02:43'),(37,1876387,'$2y$10$GgHJDU8zSS72DrsZKicVAeo.0tTg/.tm379fFcDjZDC.CgvxUAVHO','expositor',0,'2023-06-02 21:44:56','2023-07-17 21:39:56',NULL),(38,1959520,'$2y$10$.8cMMIQyWizKH2MIuH.WBuE6wPgb4N0yvtu8ra88pIWf5JLESh/FO','expositor',0,'2023-06-02 21:44:56','2023-07-17 21:39:56',NULL),(39,1948672,'$2y$10$3yQ.8z7792GRXk28Evks7OSbysLweLEDEC7jP.6PBM1l3xDXNjeoG','expositor',0,'2023-06-02 21:44:56','2023-07-17 21:39:56',NULL),(40,1859968,'$2y$10$zWKYW7tHb5ZPQCaxm6LA3eT/nvFcOAta4rndRwuUSxDQHpgPs3rFa','expositor',0,'2023-06-02 21:55:16','2023-07-17 21:39:56',NULL),(41,1865704,'$2y$10$hNXYCkEMCFRtZny.BPEt4OE9XvFHYeeUr94YR.vpI9qm2w51dfjQ6','expositor',0,'2023-06-02 22:01:08','2023-07-17 21:39:56',NULL),(42,1851233,'$2y$10$gf2jTfX/KRZ.jz.AU6A.qeGvmBB61MbnmMfgO2qGIQOSvKw9miGoq','expositor',0,'2023-06-02 22:01:08','2023-07-17 21:39:56',NULL),(43,1872833,'$2y$10$5W6PzsdR4a/kcSzTlkbFBuBcpDHN2vRkTdrZBD4thctIX5GdRt0Iq','expositor',0,'2023-06-02 22:01:08','2023-07-17 21:39:56',NULL),(44,1681024,'$2y$10$gYOPjMB7UBUqGo0y.5R1Luiid2hc9lrMgQ5zT1z6QHH2iZCygBk.u','expositor',0,'2023-06-02 22:01:08','2023-07-17 21:39:56',NULL),(45,1681088,'$2y$10$89NanwM8jzb04rYB752.AO9YPPZD7p88NCwzInLIn642Q6/dYl/ja','expositor',0,'2023-06-02 22:01:08','2023-07-17 21:39:56',NULL),(46,1601972,'$2y$10$jgT9wCuHMvRBbP3ofxFdseynBd8Hng4qjsYp.AnJqB79J5cU/7G1i','expositor',0,'2023-06-02 22:01:08','2023-07-17 21:39:57',NULL),(47,1950524,'$2y$10$y/Fcic.4GHSRirQbOVO/FeWSxlIxP9eXOJhuyUCMsJydokqMqGGTG','expositor',0,'2023-06-02 22:21:38','2023-07-17 21:39:57',NULL),(48,1845062,'$2y$10$RWLGiqr4wnOTr4i0vEVl3eiFiU2qquuoPKEDKy.t7/P5s8T68zzI2','expositor',0,'2023-06-02 22:29:00','2023-07-17 21:39:57',NULL),(49,1970302,'$2y$10$KSyRnN7eDSZDPt5Eg6HGy.jnhFy1aaHAQi/WacdDZbXzVpJ8TGvFS','expositor',0,'2023-06-02 22:38:33','2023-07-17 21:39:57',NULL),(50,1869070,'$2y$10$Fb5Di0SIm/z37gSWkH3G9uDejwpt0NnzknAhGMuDsTdhhkWt520CK','expositor',0,'2023-06-02 22:38:38','2023-07-17 21:39:57',NULL),(51,1849393,'$2y$10$XQ91rXxtl.Lf7mkMdTL/FOOTTFcFAuCef3uvi3i/o3fSD.jSeEpgO','expositor',0,'2023-06-02 22:38:38','2023-07-17 21:39:57',NULL),(52,1869132,'$2y$10$Qc3ppJecgxioWqgas.fj9eLLu4umveQ3985alGxhs3BetRTcEYWme','expositor',0,'2023-06-02 22:38:38','2023-07-17 21:39:57',NULL),(53,1896868,'$2y$10$OFjGEU3h/.SV6Vi4PJnz/.gz1UDQpkP64v7JlYPbIddlID/mTE6Fm','expositor',0,'2023-06-02 22:38:38','2023-07-17 21:39:57',NULL),(54,1989947,'$2y$10$TrQIbAsTZhlvsyQrLhmaBeXSiVKSbiMiuJV5MeVU8Ag/R98HOR4wW','expositor',0,'2023-06-02 22:38:38','2023-07-17 21:39:57',NULL),(55,1843790,'$2y$10$TjAoa5yTYhGDD0f/sP6WKuhgzg4lGUhXBhrVhKCAHQTzHDxPZS37y','expositor',0,'2023-06-02 22:38:38','2023-07-17 21:39:57',NULL),(56,1867610,'$2y$10$tDC3Rs07R65XPJTGkrOjOuxpUqw.tJIDWywYDUaayl5c0T4jSEKUu','expositor',0,'2023-06-02 22:38:40','2023-07-17 21:39:58',NULL),(57,1941483,'$2y$10$WB5B5YnsYnW9vACP6OLiD.7v7Mezru7KD8Sd96XFlTj2kwJplBqa.','expositor',0,'2023-06-02 22:38:40','2023-07-17 21:39:58',NULL),(58,1941537,'$2y$10$79NuYjcT549D2RAA2L1jLuckeQGWPG4IrOdcxpskTOReeYUZ/oZde','expositor',0,'2023-06-02 22:38:41','2023-07-17 21:39:58',NULL),(59,1862317,'$2y$10$hfo3G0VSuxLkhyAIOGR56OxJ93NXblO3JNsjE1juiYCFLSTgUNP/C','expositor',0,'2023-06-02 22:38:41','2023-07-17 21:39:58',NULL),(60,1868406,'$2y$10$laaVXS4yrhcMD67p4FQFAu4yM8uM51mCicTAuTURIIXqNaw6N1p/S','expositor',0,'2023-06-02 22:38:41','2023-07-17 21:39:58',NULL),(61,1947730,'$2y$10$MY9qiEuDc1oo/y6w024pKOSSi35B78CQ8qalcfZIvsHsMpZ43EPXK','expositor',0,'2023-06-02 22:53:28','2023-07-17 21:39:58',NULL),(62,1864707,'$2y$10$H3KN4MORGXPg0NgJ7adCDOELouKhmgyAxWvXefN/WQpAflMreApAi','expositor',0,'2023-06-02 22:54:24','2023-07-17 21:39:58',NULL),(63,1837575,'$2y$10$hHD4p4DsujV1P3Zm3PNneehvrYoPzv8DpzasH1MmH5faujUi.uk8e','expositor',0,'2023-06-02 22:58:09','2023-07-17 21:39:58',NULL),(64,1864988,'$2y$10$bgk1g49eS0tMqK3PB9iGJudtU3arn.3W5ajaA1VlblfYLDrSrF7EO','expositor',0,'2023-06-02 22:58:09','2023-07-17 21:39:58',NULL),(65,1817111,'$2y$10$/hlgDlndQTopsFmCkZiHTuiCjDSOzkRwCPw4sKxTxug.tH752GMaG','expositor',0,'2023-06-02 22:58:09','2023-07-17 21:39:58',NULL),(66,1663842,'$2y$10$LAcE90eCRxBODu/1J/g6wOyzqoxaknycP1e32xvJK9BN3H8l/TjCy','expositor',0,'2023-06-02 22:58:09','2023-07-17 21:39:59',NULL),(67,2034236,'$2y$10$c3z7hsnNa6DFJi50MtcCYulSTnXRJEtkcUjcUA.mc39KTsQq/IQFC','expositor',0,'2023-06-02 22:58:20','2023-07-17 21:39:59',NULL),(68,1814440,'$2y$10$JK4RNl1gibPCP7sIMnHuTuw1m1tzNEynPmPGUSmUtZLh.8w/NSA2a','expositor',0,'2023-06-02 22:58:20','2023-07-17 21:39:59',NULL),(69,1990071,'$2y$10$qpAoz0cf9kiwX8OP7t1oWeuSmkt/PN7OJ8B5umOIG9Eb4mauGqDEW','expositor',0,'2023-06-02 22:58:20','2023-07-17 21:39:59',NULL),(70,1755322,'$2y$10$TUUN07dzUxOZKEjleXy22e8cg057weoHPAVi32m.EpMlD59E7kxOm','expositor',0,'2023-06-02 22:58:20','2023-07-17 21:39:59',NULL),(71,1867475,'$2y$10$3MW.MeMhB6OX4JpS3YlJRO1MwU5lduZ/A6rjcQKN0NmeaPQ7xuzvO','expositor',0,'2023-06-02 22:58:20','2023-07-17 21:39:59',NULL),(72,1867173,'$2y$10$D/Nzm9Ej4SOn5CPZUcOswO0eyydzQpgg0WYBi4uHA7rhT.sRlBPBC','expositor',0,'2023-06-02 23:01:19','2023-07-17 21:39:59',NULL),(73,1755130,'$2y$10$o0HAWWl3kbo3YtY1RLz7JeFIQUO0SdVrI.k1d89WB1UPBjMoSWbbG','expositor',0,'2023-06-02 23:02:11','2023-07-17 21:39:59',NULL),(74,1747348,'$2y$10$ocPj3XWV4/hWajYJpRNOr.KSiRs13UvTCOL4FXU/MoK1m07YXUuVC','expositor',0,'2023-06-02 23:03:28','2023-07-17 21:39:59',NULL),(75,1849166,'$2y$10$uSj0muIZyTQVZFeX3gvoH.4Res7HmSoZPpg0FH2cxFBokDegk9ajO','expositor',0,'2023-06-02 23:07:59','2023-07-17 21:39:59',NULL),(76,1812042,'$2y$10$B0k.UEpkcm2q.RgF5haYKuO0LwOVNcCtVdQ1fcB3Z9/55nKr6Z0qq','expositor',0,'2023-06-02 23:10:09','2023-07-17 21:40:00',NULL),(77,1730174,'$2y$10$KEE/pLT.lJNpUDa7QSzzT.SigcB5pTpV2SGJ2JTFoGfo3pR3.dh8m','expositor',0,'2023-06-02 23:10:47','2023-07-17 21:40:00',NULL),(78,1823840,'$2y$10$w8he3aRWCiSiNZ9gJkvC..1W9RsOR1NbeqlGf9BKpUiZMGuPsYPEG','expositor',0,'2023-06-02 23:10:47','2023-07-17 21:40:00',NULL),(79,1851024,'$2y$10$qOHkBkfTe8yzOTjXHLu.i.HAHc/RwKOyFcIguUTQa.AgX2z6HMERC','expositor',0,'2023-06-02 23:10:47','2023-07-17 21:40:00',NULL),(80,1745062,'$2y$10$SHQSx/NX1/bta/QtIHgES.B8muGuJ3M/bkIp9nLyyTYerY.J05XsC','expositor',0,'2023-06-02 23:10:47','2023-07-17 21:40:00',NULL),(81,1686752,'$2y$10$Fd8lyfskgcCpoIVOmRNrvOZLNwtnQWqrC.0CB8d3gQB1UMgES9MHu','expositor',0,'2023-06-02 23:10:47','2023-07-17 21:40:00',NULL),(82,1873202,'$2y$10$bAqS2cxu545aBdz8xb1v9OMha1xl6AXp0xJnOtH.puGrapzBUj4Xa','expositor',0,'2023-06-02 23:10:47','2023-07-17 21:40:00',NULL),(83,1904151,'$2y$10$1U61PBdIhXMmhA9ywYa9Q.emr5gWSgN6lp7ZRTARb/eN1hRLviPqC','expositor',0,'2023-06-02 23:12:09','2023-07-17 21:40:00',NULL),(84,1851121,'$2y$10$9SsHhBFH2IGCE.4p5PvC0Oe1Phv.FzmG6mVbqlHM53JY19fV.XfSu','expositor',0,'2023-06-02 23:14:33','2023-07-17 21:40:00',NULL),(85,1726501,'$2y$10$QWJmLY65V/ly5RBhBvVhmOLHgQAmjX/ADCQogAAbTEoUwHaKIA8Me','expositor',0,'2023-06-02 23:14:33','2023-07-17 21:40:00',NULL),(86,1847235,'$2y$10$8QG6j9X7UZtnflpYQwlYrucMVFJIO0CmmKknKRQEa7VyiebjVKCYm','expositor',0,'2023-06-02 23:14:33','2023-07-17 21:40:01',NULL),(87,1813848,'$2y$10$LW0CPnLANVliEAaGaCKw/.qTWfHEGxhVYtIUfdNNeFyyVQzf.J.mm','expositor',0,'2023-06-02 23:14:33','2023-07-17 21:40:01',NULL),(88,1905720,'$2y$10$vqUz8iH4QCdBmYIP55N/q.bBNDFbktnZ88oYsVc3efApORPEOaQlS','expositor',0,'2023-06-02 23:15:12','2023-07-17 21:40:01',NULL),(89,1908137,'$2y$10$ByqIY3lJc6TGXw5KnQp9LOkECc5ZZaKRWhYXYZ./Ep6TiwKl0Sw0K','expositor',0,'2023-06-02 23:15:12','2023-07-17 21:40:01',NULL),(90,1907688,'$2y$10$v4Wxdj0/fAXJ2FgOlg8CBuiixBgzdUwhjCHOJoQl6AkQB.A8GLpO2','expositor',0,'2023-06-02 23:15:12','2023-07-17 21:40:01',NULL),(91,1898206,'$2y$10$uECpbI2KfjFrAyFiBT9X8.oLgA.woRJtc1HPd/IT3zBFU7J1TT4oa','expositor',0,'2023-06-02 23:15:12','2023-07-17 21:40:01',NULL),(92,1904572,'$2y$10$DoeyTfSCX5NcjC8qfuUDyuRgm2FOGZ94dF3pALHkBqRFMgNBFvJUO','expositor',0,'2023-06-02 23:15:12','2023-07-17 21:40:01',NULL),(93,1872542,'$2y$10$C2heVdLJPs6xMv7Thdb7muKUF.rjSEIGz0vxIGLEyQYuhglThrv9S','expositor',0,'2023-06-02 23:16:17','2023-07-17 21:40:01',NULL),(94,1975922,'$2y$10$HMFlVL.z2YxLNgwH.67zTuCu/s/CVVsxy48igmhfxdMtT859y4IZ.','expositor',0,'2023-06-05 23:40:03','2023-07-17 21:40:01',NULL),(95,1947756,'$2y$10$z5cUw8jLeL9gHMKmA3zYSOtSI.njTmqqJUZ3/LgU0vL2JsrC2JImy','expositor',0,'2023-06-05 23:40:03','2023-07-17 21:40:01',NULL),(96,1844264,'$2y$10$UGj5BLxzO4LB8OUondQpme1.Bw4FrfTF1Xpx23ewhbbsDorGxcgPG','expositor',0,'2023-06-05 23:42:04','2023-07-17 21:40:02',NULL),(97,1971342,'$2y$10$x39bqoRhb12vh3B4Ht0q0udjbcx776i8BU3yyLLDrZqXiIQ7vZxri','expositor',0,'2023-06-05 23:44:56','2023-07-17 21:40:02',NULL),(98,1895918,'$2y$10$j8lvQ.ism2jDO10RxgKsFOF1tS//PaFQxalaRrC6s24T3ygghA3Fa','expositor',0,'2023-06-05 23:46:56','2023-07-17 21:40:02',NULL),(99,1959863,'$2y$10$75NxEqmi7.t3TEXwn/Kq6uxdJqILHNFWg/zhQS3ogqPVc7lVZRZ02','expositor',0,'2023-06-05 23:49:09','2023-07-17 21:40:02',NULL),(100,2034170,'$2y$10$Er8946Ln2OzWWjCm7zleHuQzgjb98khORrECq6ex58rIpgi6Y2lpS','expositor',0,'2023-06-05 23:49:09','2023-07-17 21:40:02',NULL),(101,1638572,'$2y$10$gAjumvGucYEP1Sw5qHTNbO2zQGZwMxqo0zhDCWYOziSfrjomRPndy','expositor',0,'2023-06-05 23:49:09','2023-07-17 21:40:02',NULL),(102,1904487,'$2y$10$SNXSP.eQ.XUQIU2caS9VPelog50PbBJuYaicTMZFQVShWwAe6bzra','expositor',0,'2023-06-05 23:49:09','2023-07-17 21:40:02',NULL),(103,1979420,'$2y$10$up51XFEbkz9E4ALmq7WZQuPkxZximlt1c.TxVulToULOpCDdSdqLq','expositor',0,'2023-06-05 23:49:09','2023-07-17 21:40:02',NULL),(104,1903184,'$2y$10$hoJhB6FR2duObpVFLroZ2u8Pgf//X2/0HmVtBuF/B.eHNXYb7uzF6','expositor',0,'2023-06-05 23:50:04','2023-07-17 21:40:02',NULL),(105,1907668,'$2y$10$Lebbd6wdY8AxUDwqbrB7UePq28rqPcO0Own/9m6lnjV6QhDd2ruDG','expositor',0,'2023-06-05 23:51:22','2023-07-17 21:40:02',NULL),(106,1895693,'$2y$10$cWp4R0J0PG8PYJK0m0lRJ.bFjUv3R/H90ISO1skVmxPSm0Js5YAeG','expositor',0,'2023-06-05 23:51:22','2023-07-17 21:40:03',NULL),(107,1895640,'$2y$10$e/m6bvssOfKdJsUeFfAFMOIT/.sARravkHcfr4yt4CaZBqiHuOrs.','expositor',0,'2023-06-05 23:51:22','2023-07-17 21:40:03',NULL),(108,1874003,'$2y$10$G9xTZpuSsUeSf8/VYxeJeOOk4Dcfdjc6ZzNr4MhkoJeGzjyqvJzn2','expositor',0,'2023-06-05 23:56:11','2023-07-17 21:40:03',NULL),(109,1860038,'$2y$10$FtnvJ.ICwVRqREHlmEge8.1F1C/YitHaenrbuWQzZ3VXtyR9sQQH2','expositor',0,'2023-06-05 23:56:11','2023-07-17 21:40:03',NULL),(110,1887868,'$2y$10$CPcb4G0FOQT6nF2oiloQdueXtx4X3jDRh5dX4v1v3p8V5MxCL94zG','expositor',0,'2023-06-05 23:56:11','2023-07-17 21:40:03',NULL),(111,1819014,'$2y$10$hgtbMq..HlDyRvIMPvzn0OonHuL3WoAPd6P/VgqMvEcun/C73NJjq','expositor',0,'2023-06-05 23:56:11','2023-07-17 21:40:03',NULL),(112,1869605,'$2y$10$HZC.l4XfQSrX1rtcBAnkveWY.9MvfMs4CmX7LppvJ82V7/DMT8OnW','expositor',0,'2023-06-05 23:59:34','2023-07-17 21:40:03',NULL),(113,1656184,'$2y$10$aMr0TEUn8OaamIJOXhjj/ef1BH/DNdPHgua1VJUaycpRK0KYGZ17W','expositor',0,'2023-06-05 23:59:34','2023-07-17 21:40:03',NULL),(114,1819434,'$2y$10$GICRQsgVaBklbPiYzwjrSunoeBUH2MbfFxW5JKuZbLiXmwTZaXDn2','expositor',0,'2023-06-05 23:59:34','2023-07-17 21:40:03',NULL),(115,1662256,'$2y$10$3EyTl0vHwfXSxvhD9r.s2umD4CKY2U3OqAth9NRKSk8tU5tRyqZQi','expositor',0,'2023-06-05 23:59:34','2023-07-17 21:40:03',NULL),(116,1965180,'$2y$10$P6mlR5A6MBa1j.UUoh3YceQj.dxSuO8MGT6W4xBCFiTffAsg6Xnca','expositor',0,'2023-06-06 00:03:18','2023-07-17 21:40:04',NULL),(117,1955286,'$2y$10$VUgaaj.iJf40rYnkVkyGL.vjh8fJQ1sr.1Ox8O4dKfcjZsgfIx40a','expositor',0,'2023-06-06 00:04:04','2023-07-17 21:40:04',NULL),(118,2076307,'$2y$10$u7zimE1fue223Z21b6WIWOGJN88tsbTS6VMiYMHItZ1yMHEmEVR3C','expositor',0,'2023-06-06 00:05:58','2023-07-17 21:40:04',NULL),(119,1914244,'$2y$10$rhAdqqTHQLtjyUohEpAcVOGqK8GaLvghpUpDK9kKYo6Fohjc0XoPS','expositor',0,'2023-06-06 00:05:58','2023-07-17 21:40:04',NULL),(120,1670351,'$2y$10$T7lPwMynWy7a7WUPtboEbeIkCAYW2p3Hu1qWLQewmGv0YDtfYjHFu','expositor',0,'2023-06-06 00:07:05','2023-07-17 21:40:04',NULL),(121,1898666,'$2y$10$.E11Ea/s3NKsmmBJfMArhuynbELVGvdsWeFfEi4agdpef3EcEnudW','expositor',0,'2023-06-06 00:07:11','2023-07-17 21:40:04',NULL),(122,1964989,'$2y$10$Umac72Lm8MpA1.tBszQdKOoN2xNWR34RPLYcRASS3vBOnq9/es3CO','expositor',0,'2023-06-06 00:08:09','2023-07-17 21:40:04',NULL),(123,1853059,'$2y$10$6P77TT3zgcH9UV3SbjVuFuqHwKJeBY1uCMMRkzGoiSZeCO/yGeZZS','expositor',0,'2023-06-06 00:08:18','2023-07-17 21:40:04',NULL),(124,1668204,'$2y$10$SaAhTKx3LvSuSpDH7Md6YeghJr4ypa7CJKd0KGCX0Qr.XPoknmTQu','expositor',0,'2023-06-06 00:09:41','2023-07-17 21:40:04',NULL),(125,1951307,'$2y$10$Z/.F5UNXbZMjn2EiLPfUUeXtd5qfNUOKODDYeiDdD7w1G3R1HK67u','expositor',0,'2023-06-06 00:10:56','2023-07-17 21:40:04',NULL),(126,1869510,'$2y$10$DdU8TZdbYbdZuuUBk26v.OMlS87Qkw8amSDZH.MoK8z95LzFnijdy','expositor',0,'2023-06-06 00:11:04','2023-07-17 21:40:05',NULL),(127,1671706,'$2y$10$MsvnpEHn5PIylvaUS1PuHeqgQ.topZUSI9IbTQYUTsA7nAjvof2qu','expositor',0,'2023-06-06 00:13:12','2023-07-17 21:40:05',NULL),(128,1747697,'$2y$10$ekZ2XAWldSn154ogZGdZaezfbJ2Sv5Pi/dEwPlkrlNT0S3MUYXLoG','expositor',0,'2023-06-06 00:16:15','2023-07-17 21:40:05',NULL),(129,1671586,'$2y$10$vYrM5d5O0coYlgSolIWxquKZMU9y5yyx1mMH96/dErHZdKdJLPFSy','expositor',0,'2023-06-06 00:17:04','2023-07-17 21:40:05',NULL),(130,1950240,'$2y$10$MSWyV8friB.emYfqWpEzBuEUTkh.KPaMeOahml8Y5yTn1Qpqp87F.','expositor',0,'2023-06-06 00:17:30','2023-07-17 21:40:05',NULL),(131,1908325,'$2y$10$Xm0ShL0vUrhg4W6mipKiqeruhPM7.oKUxgPUta4x3kaIA7Ow.8sBG','expositor',0,'2023-06-06 00:17:54','2023-07-17 21:40:05',NULL),(132,2008008,'$2y$10$HlerlM5XQG7CSqm9P9/6bOaf11GLBte5PPTlvWObiMsl2Ux9aBHSW','expositor',0,'2023-06-06 00:18:30','2023-07-17 21:40:05',NULL),(133,1810223,'$2y$10$KVMWAGoe3rpcgggEIeqUU.t2sW0P49N6azVY/F8MOMw3/EBcy0XYC','expositor',0,'2023-06-06 00:18:40','2023-07-17 21:40:05',NULL),(134,1897954,'$2y$10$PgH/8U88KCDEnMF9U0HxbOVaec3wKDhc8BeJt.iM0M1maMOYGF3ry','expositor',0,'2023-06-06 00:19:41','2023-07-17 21:40:05',NULL),(135,2132967,'$2y$10$89PZazAy3PH9Ji8d3r8n1OWdXhs0DxBIhfeM4Akh5nCMiz9L2edeO','expositor',0,'2023-06-06 00:25:34','2023-07-17 21:40:05',NULL),(136,1907158,'$2y$10$mTU88LYdoTmH3SYOGaJaYO8e7GOCHEFW8.M5RXp60Aic6AMc.F2Ey','expositor',0,'2023-06-06 00:25:34','2023-07-17 21:40:06',NULL),(137,1907537,'$2y$10$xwRb1MVZUCa.fFBzILkAqugzh9YQ9LmgEUwiL.ErWweqOaATcS20K','expositor',0,'2023-06-06 00:31:29','2023-07-17 21:40:06',NULL),(143,1907158,'$2y$10$SlzQcDch7ZOBCI9iw3lTWu/EkQKB3k9XLl4PqkKfeP7MJKZNzcloK','expositor',0,'2023-06-06 00:38:18','2023-07-17 21:40:06',NULL),(144,1670041,'$2y$10$AkJbNM28ZOSub/gIPoP0deKzkivGfs.5wkWCruiKt/XJP8IuyyAsS','expositor',0,'2023-06-06 00:42:00','2023-07-17 21:40:06',NULL),(145,2022316,'$2y$10$M29A5CWbVjmv8GVjlh/l9efFPvFSHWbJhx.YJaEKIlIdwCcXWyuJO','expositor',0,'2023-06-06 00:42:36','2023-07-17 21:40:06',NULL),(146,2076229,'$2y$10$TVBeozRfkBpBeaWH9cP9AeyqcLwxO9h2pYzZFEVBKOkNqiKl53LGC','expositor',0,'2023-06-06 00:48:42','2023-07-17 21:40:06',NULL),(147,1819013,'$2y$10$hWG6tEG50wKCEvm8FYsSve24wSAU7K4/siNc9Stn/tPgtpQ9kXqrK','expositor',0,'2023-06-06 00:49:54','2023-07-17 21:40:06',NULL),(148,2001476,'$2y$10$TzW5dM5eueO66CrHscHuK..ZCVDop2uMjMmnHpTpd6WeEOvnaJLk2','expositor',0,'2023-06-06 00:50:24','2023-07-17 21:40:06',NULL),(149,2086243,'$2y$10$fv2f09v2eF94YZ9uL.n7BOBcSuyq5tci/umyXLdlUQwWjWIluNGqy','expositor',0,'2023-06-06 00:51:02','2023-07-17 21:40:06',NULL),(150,2050637,'$2y$10$7EWNa64rGKctFIFu1sakyOnWBcb7CahCSKCwKahf0nINnFK.Q3o9G','expositor',0,'2023-06-06 00:52:22','2023-07-17 21:40:06',NULL),(151,1895918,'$2y$10$8ZblkKDtvQ59pKVN.xY4N.Z8CylviC3BFj9SLV2TE9YQ5lojgxr.2','expositor',0,'2023-06-06 00:57:39','2023-07-17 21:40:07',NULL),(152,2082941,'$2y$10$26iBnGBXtHIbuN91pTJmoepeAYH0ASWd0v8DAuoIJX2I65zBRquAG','expositor',0,'2023-06-06 00:57:39','2023-07-17 21:40:07',NULL),(153,2062721,'$2y$10$Atyl3irVDO4u9FQSSpizBu4rYYZhdKdhxiGkqjyysczxoLbtJt/S.','expositor',0,'2023-06-06 00:58:15','2023-07-17 21:40:07',NULL),(154,2072653,'$2y$10$7LE7f2jVqMz3UqxDQalkxuRscXsvppQKV9.SfNVgBkBbvVVHUPcK6','expositor',0,'2023-06-06 00:58:15','2023-07-17 21:40:07',NULL),(155,1811522,'$2y$10$08eluhZRdQV0W33tEYXBRupvKO7uAYB9euzBnh.UCB7UyrP1HFIii','expositor',0,'2023-06-06 01:02:52','2023-07-17 21:40:07',NULL),(156,1839373,'$2y$10$g08XKei2FkUA4FN0Wq41MeLZGK/zSZ/ViCZMf3KOTXXnvKFZjXnp2','expositor',0,'2023-06-06 01:02:52','2023-07-17 21:40:07',NULL),(157,1907861,'$2y$10$d/cKNc7ZBuibZ5UrwRVcaOeG/PtMrJ8oKy7rgjz8IcqxX3yilrn16','expositor',0,'2023-06-06 01:02:52','2023-07-17 21:40:07',NULL),(158,2031917,'$2y$10$IRGCrKwnZCEW6bxHJfS/TuLRZ.UrqNtiiIcAzTgEy6z/OmIH9owgW','expositor',0,'2023-06-06 01:02:52','2023-07-17 21:40:07',NULL),(159,1841237,'$2y$10$FNGPSv9M.WZ98Q7HLUueMOlSmSu3oVT9o2AtbS0cz8K9KHpFX3jRW','expositor',0,'2023-06-06 01:13:09','2023-07-17 21:40:07',NULL),(160,1638482,'$2y$10$UdyDyqdxT/40H.XxGctg1u7cCnOI..EBQU8aM5TJb/C1Jno1Mx7Gq','expositor',0,'2023-06-06 01:14:34','2023-07-17 21:40:07',NULL),(161,1868520,'$2y$10$Bg8OuXizeABkJ3MI3ylzvOdop3MxM59iuD5lSfdRSbe7Yw7EThH.u','expositor',0,'2023-06-06 01:14:34','2023-07-17 21:40:08',NULL),(162,1998739,'$2y$10$x/wLurvZzP9hT9TmSLGha.9sk7yBMSVt9gy0TroRRQz9FSiqT2XRK','expositor',0,'2023-06-06 01:17:47','2023-07-17 21:40:08',NULL),(163,1895706,'$2y$10$E2t6VVvks7riXD.6i6eF9uot475YduWsPGBKtGm5quVHUe19uvEYO','expositor',0,'2023-06-06 01:19:17','2023-07-17 21:40:08',NULL),(164,1904354,'$2y$10$yQZZ5kTA.kIbckRCOE4sBOMawyAiaihnC9f.cNm6h0VT/5Q7LOBzu','expositor',0,'2023-06-06 01:19:17','2023-07-17 21:40:08',NULL),(165,1929844,'$2y$10$IBXkFvKUXbQmUOsIGmoHCenqDAgDD95NUjA7.x.ygpLPIgy.980Z2','expositor',0,'2023-06-06 01:19:17','2023-07-17 21:40:08',NULL),(166,1862975,'$2y$10$/CncKa5DvwCoWg5.2nHEpeJ.QCpICV2gH8K3QcNFZx8BxCVo/uJqC','expositor',0,'2023-06-08 21:11:56','2023-07-17 21:40:08',NULL),(167,1740757,'$2y$10$PzmweNzc7EAmv/U4.OwRmeUfHy7GYAuK1H6if7ZE4DkZF.wCS3Eq2','expositor',0,'2023-06-08 21:11:56','2023-07-17 21:40:08',NULL),(168,1497828,'$2y$10$/2Zv0buXfdVRNbYikKIpquDU3hLtvRkgp3InZLoWB2leK5VfS1wVi','expositor',0,'2023-06-08 21:11:56','2023-07-17 21:40:08',NULL),(169,1862003,'$2y$10$SHDfQs7OBfuWkCAHLVwWKeSj6gBjjcacpIjW7v5P4HkeEut5ndDa.','expositor',0,'2023-06-08 21:11:56','2023-07-17 21:40:08',NULL),(170,1674213,'$2y$10$vXmdwsryUyV2c/FY1MHCle/OPWqbiRmBafnIXCRQLu9OcpY8T73Hy','expositor',0,'2023-06-08 21:11:56','2023-07-17 21:40:08',NULL),(171,1727077,'$2y$10$8AiTzgvw8QAedVlCVTsKhu4ADCllLYNvjW6pLfaw4.rFpTeHs.1i.','expositor',0,'2023-06-08 21:27:57','2023-07-17 21:40:08',NULL),(172,1664215,'$2y$10$zNRK0XwNjpywyMJGzR.rF.wuo96gsxlwTfFITAeI1yIq.bGA2RlFi','expositor',0,'2023-06-08 21:27:57','2023-07-17 21:40:09',NULL),(173,1678234,'$2y$10$g0pBnPo3wxOumD4OKo4rXOLWgSyULfthujyj8OAwJbBdfdIBRujXO','expositor',0,'2023-06-08 21:27:57','2023-07-17 21:40:09',NULL),(174,1801799,'$2y$10$XZAS7wIvTgKGdU4dmqNjMu.RRB7n7MaslrN0QBvrkEPjjA2dC1v2W','expositor',0,'2023-06-08 21:27:57','2023-07-17 21:40:09',NULL),(175,1800464,'$2y$10$SmIBZkIU1Tv8NNoVShwxUufkK7DNYRVWWCR5kala0rNdVmE24DYiS','expositor',0,'2023-06-08 21:30:23','2023-07-17 21:40:09',NULL),(176,1802751,'$2y$10$jOqmBOkXn8FcQcVjMxX.jeu5xnBYNcy.dN5DBLM1C09HglJEokbmC','expositor',0,'2023-06-08 21:30:23','2023-07-17 21:40:09',NULL),(177,1877432,'$2y$10$ZPnKzR6jHR.gJlQUCEiQ3OHD0KCj5tnHlQd5Xca2FXPApXSeynDUm','expositor',0,'2023-06-08 21:30:23','2023-07-17 21:40:09',NULL),(178,1850763,'$2y$10$TvdrOs7roHAPUOSb3UFpheYBNyTDBpBCoGOdZOiUlBpdFwVxxKBJC','expositor',0,'2023-06-08 21:30:23','2023-07-17 21:40:09',NULL),(179,1794459,'$2y$10$0jsQSBrTMM8Q7xk1xjWtV.IDfMZzSsIDdBfPxUYKkAXQV07a/Wlvi','expositor',0,'2023-06-08 21:30:23','2023-07-17 21:40:09',NULL),(180,1856049,'$2y$10$Z1813T4z4kfY.g4WY6gI5.dyPpcZO4oZCxip/lh5L4eu/mVwO4ZQy','expositor',0,'2023-06-08 21:32:00','2023-07-17 21:40:09',NULL),(181,1723462,'$2y$10$XC1QIFxQtqvnuMWP4PFL/ODkcyBmrvmK7Uh78XurOSt/S4IYRuwRm','expositor',0,'2023-06-08 21:32:00','2023-07-17 21:40:09',NULL),(182,1989995,'$2y$10$ocKrOvvApI5FXGDgT/bGYuazaZ2X9ZnCnzuWSGEowoBnrVyGTbfIa','expositor',0,'2023-06-08 21:32:00','2023-07-17 21:40:10',NULL),(183,1819667,'$2y$10$eHhl7wNy8VDvqiQYa85xUeOKg8k2H9kXFIKO9jVVBnO0yzwwDL3Ri','expositor',0,'2023-06-08 21:32:00','2023-07-17 21:40:10',NULL),(184,1751109,'$2y$10$l.gRSdJ2wWa34dm27KJySe71w3qMnvXE58mTyLJFWmlq8Gz81EvMW','expositor',0,'2023-06-08 21:32:01','2023-07-17 21:40:10',NULL),(185,1919203,'$2y$10$FqlHQRtFksL1VNgAlcaMFepfE9ZzY2vvRuHI.NhPJzxSlTUmJqM6K','expositor',0,'2023-06-08 21:32:25','2023-07-17 21:40:10',NULL),(186,1604177,'$2y$10$hMLaTSouJH41O2Kht/jsAuOK9x4A757F0NtkCBiGhDmJxvKqGrska','expositor',0,'2023-06-08 21:32:25','2023-07-17 21:40:10',NULL),(187,1928709,'$2y$10$mNUNqJQHTfrtp8HOulKoauSFwEOUZ5rohgtexBpcUTgivYd3KhRPS','expositor',0,'2023-06-08 21:32:25','2023-07-17 21:40:10',NULL),(188,1990082,'$2y$10$K6Ws23.tlYXHAmC3LrZnPO34NDQhlSH3Yjvn4FO7uyTyt0O1Mz/ii','expositor',0,'2023-06-08 21:32:25','2023-07-17 21:40:10',NULL),(189,1990054,'$2y$10$vFKzOl64YPLGAYBsGFczh.ehgSG2kvCBN2I5K4aEeAy2p9CI3dlkG','expositor',0,'2023-06-08 21:32:25','2023-07-17 21:40:10',NULL),(190,1653035,'$2y$10$26myLUu/nZEEmhj4knrtUOmh4ey2NIGwNyDqklfF1xmJkcSJftDQ6','expositor',0,'2023-06-08 21:34:16','2023-07-17 21:40:10',NULL),(191,1642161,'$2y$10$9/cW1XdJQv9hJSp9UCd44Og9yhgfWT4rTxvnYyY45tGo.iefa1S86','expositor',0,'2023-06-08 21:34:16','2023-07-17 21:40:10',NULL),(192,1858306,'$2y$10$5d75S2fv9P0efgCfpcWbh.GBIvENz8nor8wW2J3LH4ivwO5EkoZii','expositor',0,'2023-06-08 21:34:16','2023-07-17 21:40:11',NULL),(193,1855399,'$2y$10$GFy55lui/PpK7b9R97pCVez4FRPCS/hsx0yi9mvNfJcxHISv75rqG','expositor',0,'2023-06-08 21:34:16','2023-07-17 21:40:11',NULL),(194,1524296,'$2y$10$QukZKpINlSRV2Q2LeciQPu6TM6TrPsh20xuODwOdiG5tgsSe81gFq','expositor',0,'2023-06-08 21:34:16','2023-07-17 21:40:11',NULL),(195,1857368,'$2y$10$qMyqNDlryIPvWo4J.pv5x.bXX7CZ2pDx/EuEflI7lXq0NNVgpGOnm','expositor',0,'2023-06-08 21:34:49','2023-07-17 21:40:11',NULL),(196,1687609,'$2y$10$rJAk9vksT0GorLZDZVIp/e/jvxXSWAyN4.IgikKcR1b5kzbe2P7CK','expositor',0,'2023-06-08 21:34:49','2023-07-17 21:40:11',NULL),(197,1941470,'$2y$10$sfBfExMh/02gMiRO0xxUleKx9ZCq1FF8Eu3Z0RJKdDKZ928kOWRr6','expositor',0,'2023-06-08 21:34:49','2023-07-17 21:40:11',NULL),(198,1869136,'$2y$10$oVzpqwczd7RnGa0ftknYPeU5qGW4ElSmPrVCkIhQZ47d5ZfXwyzGW','expositor',0,'2023-06-08 21:36:32','2023-07-17 21:40:11',NULL),(199,1909322,'$2y$10$SIXTib82PMBnWN4FfuX1RuLmHx3aRPQtzUeeV0c.ljOPVP1.Maxcu','expositor',0,'2023-06-08 21:36:32','2023-07-17 21:40:11',NULL),(200,1914602,'$2y$10$vPHj2hhwJ0/MdKtCcOd4v.u3UXVAFnNNbHjaIaXIsaCvQm7t.9lZC','expositor',0,'2023-06-08 21:36:32','2023-07-17 21:40:11',NULL),(201,1841405,'$2y$10$djwUloq3H.1hh/NLWBkwS.ULFxkuEOdNs.7mFIg6WQX1gBK3Fnq8q','expositor',0,'2023-06-08 21:36:32','2023-07-17 21:40:11',NULL),(202,1811632,'$2y$10$HS0Jc4CK9u7a.ZMOsTlSFe40uHGnov0Y8lmDE7d1sIaSMFqu/Kjka','expositor',0,'2023-06-08 21:36:32','2023-07-17 21:40:12',NULL),(203,1913546,'$2y$10$8eJDQHSnoAhz285rOrO6CeT0q9GWjfV5Ie/Fr/chQsl3bbiRNUh96','expositor',0,'2023-06-08 21:40:07','2023-07-17 21:40:12',NULL),(204,1526807,'$2y$10$VnwBJEjrYMY7AnQJiks5duNKkmlsPMuCBQdi/3In.7XC8bCgEXghu','expositor',0,'2023-06-08 21:40:07','2023-07-17 21:40:12',NULL),(205,2034261,'$2y$10$hZ.LLdnkrvjRwAqB0R2/Xufc5/dwoCuYzLeUs2AEOVOqWE26pstwG','expositor',0,'2023-06-08 21:40:07','2023-07-17 21:40:12',NULL),(206,1795868,'$2y$10$gga3IPr9sYiceUscEjb35er9a/QsWyuHqsr9924sj5DJqKWFV5b1a','expositor',0,'2023-06-08 21:40:08','2023-07-17 21:40:12',NULL),(207,1940851,'$2y$10$5lcpF3URS/FOc85YzXDgh.xOyKfiqt78askv6P2fn9XzKSKbbfblu','expositor',0,'2023-06-08 21:40:08','2023-07-17 21:40:12',NULL),(208,1909212,'$2y$10$txdCY2O3k9Ac7IzM4qVkXOemRoHELAJwWDL26O2n7StwITg9p0FpO','expositor',0,'2023-06-08 21:40:08','2023-07-17 21:40:12',NULL),(209,1937882,'$2y$10$M20bwlA7pX39yf4fkqyL3uKaSm7VK27h1vN3EGvsiNYEXisy5SKKC','expositor',0,'2023-06-08 21:40:08','2023-07-17 21:40:12',NULL),(210,1753114,'$2y$10$HosTfMuXzHbgiq5A1TiOaecEYIIxGK7gDhX6mQIYXfmtwhdYpQw7.','expositor',0,'2023-06-08 21:40:08','2023-07-17 21:40:12',NULL),(211,1687850,'$2y$10$GbC0.DcMXQndR0xV922k9OVQVyf3T5imbwJCVfP7Tz2RYTpk1B9L.','expositor',0,'2023-06-08 21:40:08','2023-07-17 21:40:12',NULL),(212,1990048,'$2y$10$9qnRnd82oK.vxnBMpzjZGuRNzj4lKtinNfpWEQeiiaEC8dvgB6Wtm','expositor',0,'2023-06-08 21:43:20','2023-07-17 21:40:13',NULL),(213,1794970,'$2y$10$GnA5JtzlMSXEW4zcBxPosO.rUFS1.Rv6UpTQkq86QV1QvhiyY0zZS','expositor',0,'2023-06-08 21:43:20','2023-07-17 21:40:13',NULL),(214,1867799,'$2y$10$RQbCJQ8duWeuIlNlCkV2aujFaruP2w6ycNDS/gCw3IHNLCN11kp9e','expositor',0,'2023-06-08 21:43:20','2023-07-17 21:40:13',NULL),(215,1887851,'$2y$10$3QSllVlomHUNTbFuejppI.fnXKMX.zW8iZgoniRdnN.ziziyhFEqm','expositor',0,'2023-06-08 21:43:20','2023-07-17 21:40:13',NULL),(216,1794181,'$2y$10$1yZjfpDe7H/iaFcQLazP5ecWWQcHxup2PYRd1CN8bnJpUDNAtblF.','expositor',0,'2023-06-08 21:43:20','2023-07-17 21:40:13',NULL),(217,1898351,'$2y$10$XmENuQwzKGvnzUOveJd.f.SpXU0zyMpQ99D6ULRtvtAp3Uv3TFEX6','expositor',0,'2023-06-08 21:45:19','2023-07-17 21:40:13',NULL),(218,1719826,'$2y$10$MxuBRv6zAAj1dOZapm6Kc.10CmW/HWTRBbshz.wtHOKUafgatIf2y','expositor',0,'2023-06-08 21:45:19','2023-07-17 21:40:13',NULL),(219,1897884,'$2y$10$TDo0GIfh/mMJ3.wQP.iN2ujZVITIM8vnisPN6AWRQVkLbY5hb8MTu','expositor',0,'2023-06-08 21:46:50','2023-07-17 21:40:13',NULL),(220,1919643,'$2y$10$MGg60c1k9HVmilm2brKPLue7IYGWa1NdcaudvQ6.aIVcWziFdu/xK','expositor',0,'2023-06-08 21:46:50','2023-07-17 21:40:13',NULL),(221,1848639,'$2y$10$IwcGViPtJsje5sG7qYA/EOSsaD2xlt8x9gSGutA28nF4sAvMMI6jS','expositor',0,'2023-06-08 21:56:43','2023-07-17 21:40:13',NULL),(222,1994104,'$2y$10$1H9MPcbeXs2vAvfCXXk9aujXrndVKCtpiN8UY14yog3nfqvp10G8i','staff',1,'2023-06-08 23:09:43','2023-08-22 02:21:43',NULL),(223,2086116,'$2y$10$zx1WEbxf/DEL1gRWppEPpOiNhubXxOVMJSGLgh0YErn6xSfUK7OSy','staff',1,'2023-06-08 23:13:11','2023-07-17 21:40:14',NULL),(224,2086032,'$2y$10$Qz6JF4E/v57y.n93LrqmZ.3vuuIoWh5wTQJsfVGHCm1xSaO7YeC6C','staff',1,'2023-06-08 23:16:01','2023-07-17 21:40:14',NULL),(225,1961701,'$2y$10$YGVvu47/SbnINwrYC0MlO.KO4sNbgUJiwETA5Gh5CRpbZAo.3a9eO','staff',1,'2023-06-08 23:16:59','2023-07-17 21:40:14',NULL),(226,2001215,'$2y$10$DqLfgklFruXSbjHGPEBA9uJupTarjfIw0Q5fcD7Fh9n7jfrOU9aTq','staff',1,'2023-06-08 23:18:21','2023-07-17 21:40:14',NULL),(227,1850619,'$2y$10$trsKqUXscg5n.FflZPE6V.ghG8HG4vkwz.GS72/UUgg6s1HdhBNSS','staff',1,'2023-06-08 23:19:16','2023-07-17 21:40:14',NULL),(228,6519839,'$2y$10$OJTsB.kNZRIouNIIF8Za5Oc7294N282QUbmbTp/lWbvwHVUsV45qa','teacher',1,'2023-06-09 02:01:48','2023-07-17 21:40:14',NULL),(229,112636,'$2y$10$489K8n0y9if7gCYsj5TZROku1lcfRd4Ht4lPPZClaiNcGGPqYBhsK','admin',1,NULL,'2023-07-17 21:40:14',NULL),(230,1843245,'$2y$10$3YPrU0zbt0yR43hEFUjkeOVJZUGGUjZHAaUEu5ru9dYICnZkl0rVm','expositor',0,'2023-06-09 09:14:51','2023-07-17 21:40:14',NULL),(231,1989983,'$2y$10$usG7AelueodHKf2Mb9ArtOktY9oEVTvbnUxlRZthEPxXOTsatjS4e','expositor',0,'2023-06-09 12:09:17','2023-07-17 21:40:14',NULL),(232,1990130,'$2y$10$.BSE79pG7OdWhkasnC1vh.KOEZbksotjmrzAV89gohL.uKUVZSKga','expositor',0,'2023-06-10 02:09:48','2023-07-17 21:40:15',NULL),(233,1887846,'$2y$10$7G0n4cW3PViPKzkFQvwBveiTO8QH8MKSjLHWK.w4LnYdvs/TgHgDW','expositor',0,'2023-06-10 02:09:48','2023-07-17 21:40:15',NULL),(234,1819299,'$2y$10$BsyDqQtOjR9c7GaUQGyf8ODVVB2YqiOrVdOKDmn9OlBFt52ySHQlu','expositor',0,'2023-06-10 02:09:48','2023-07-17 21:40:15',NULL),(235,1986241,'$2y$10$0nKh1nAq0WhgFfYR7isq0uH32Yj.NP99SDPRyjKfjhhdWD1xPiUC6','expositor',0,'2023-06-10 02:09:48','2023-07-17 21:40:15',NULL),(236,1912330,'$2y$10$ZqVsxpmFalgWUg2zyM2JKeV8an2fPZHlNLMfRMTGParx2hBRo4RjC','expositor',0,'2023-06-10 03:26:20','2023-07-17 21:40:15',NULL),(237,1970302,'$2y$10$nt8jljJtAC8jo0J0wDXr/eQyEidDZXkp3ALl6N5bPjH0X7TOp.v8q','expositor',0,'2023-06-10 04:35:17','2023-07-17 21:40:15',NULL),(238,1993826,'$2y$10$aiq3Z90kmW1DKscqeiVZBew4VoVEz2Q8o6wF738nA/2oF/SkDNnJe','staff',1,'2023-06-10 23:02:25','2023-07-17 21:40:15',NULL),(239,9967370,'$2y$10$xZxwkhE7xMwbvSXHTboizO7swyMIFgWDoTXmCnYospBURv56.8skm','staff',1,'2023-06-10 23:03:03','2023-07-17 21:40:15',NULL),(241,4265386,'$2y$10$YhyBs3zycPjeFr89ctAude85o6JFVpJcg8jr4D0aI093pONpOgxnG','teacher',1,'2023-07-22 00:57:02','2023-07-27 22:58:23',NULL),(242,5454545,'$2y$10$hK1Hc9g0KrKS1AMhf1mADOzA/Jf.OrjZRt181BY3g9WoIpRjviTqe','expositor',0,'2023-07-22 01:05:39','2023-07-22 01:05:39',NULL),(243,5454546,'$2y$10$cvacmBc6N.C.C7o6A4ov4OFqJGr8alo.b9A9oZ0nn55lhoL9dSuvS','expositor',0,'2023-07-22 01:05:39','2023-07-22 01:05:39',NULL),(246,3828731,'$2y$10$eUbSLPg26HQSP1W5Fw4mXeHRLI16Le1HwvSVGAePgzNLww3hDD9Qq','teacher',1,'2023-07-27 22:47:59','2023-07-27 22:59:54',NULL),(249,1807000,'$2y$10$RgrswWVltrtC4izbgm03cu7IMKEnY/xcjLfUjlLolXBUbp1LJ2Gme','staff',1,'2023-08-22 02:34:01','2023-08-22 02:34:01',NULL),(250,7427728,'$2y$10$cXPiIhpfTnXaDzYl2y8ZUOD3VNYdSV.gYQurcVV4GmtmtcDt9vF0C','teacher',1,'2023-08-22 21:19:17','2023-08-22 21:36:28',NULL),(251,2548002,'$2y$10$tKaO2EjWERriF5CwbscGGeMyaIEjHinGL2IIUS5B1CeUJApLd9J6u','teacher',1,'2023-08-22 21:50:58','2023-08-22 21:54:30','2023-08-22 21:54:30'),(252,4783993,'$2y$10$plD/WuG4bmJSeE2STsBlBe0C8sh.V7JlE5J6QGDBu.BT3P/8Jknd2','teacher',1,'2023-08-22 21:54:45','2023-08-22 21:54:45',NULL),(253,5177073,'$2y$10$VHsfgLJi9w/1MfS34ZuEpOONLoT4cfJHo6fzbTHZdl/QXmjJBtEKW','teacher',1,'2023-08-22 21:56:26','2023-08-22 21:56:48','2023-08-22 21:56:48'),(254,4418137,'$2y$10$LINpiW5D0GDeqx7RRdiXx.xY4ekrQaMFc3lu98i/0KnNQOcRwkdGq','teacher',1,'2023-08-22 21:56:57','2023-08-22 21:59:31','2023-08-22 21:59:31'),(255,5691223,'$2y$10$bhBgQ/DJeyYgsi4pKoDkKesYC1qc383KbsadfhQS9LkMOjrqzrbWW','teacher',1,'2023-08-22 21:59:40','2023-08-22 21:59:40',NULL);
/*!40000 ALTER TABLE `users` ENABLE KEYS */;
UNLOCK TABLES;

--
-- Table structure for table `validation_tokens`
--

DROP TABLE IF EXISTS `validation_tokens`;
/*!40101 SET @saved_cs_client     = @@character_set_client */;
/*!40101 SET character_set_client = utf8 */;
CREATE TABLE `validation_tokens` (
  `id` int(11) NOT NULL AUTO_INCREMENT,
  `token` varchar(80) COLLATE utf8_spanish_ci NOT NULL,
  `subject` varchar(50) COLLATE utf8_spanish_ci NOT NULL,
  `plan` int(11) NOT NULL,
  `used` tinyint(1) NOT NULL,
  `teacher_id` bigint(20) unsigned NOT NULL,
  `proyect_id` bigint(20) unsigned NOT NULL,
  `created_at` timestamp NOT NULL DEFAULT CURRENT_TIMESTAMP ON UPDATE CURRENT_TIMESTAMP,
  `updated_at` timestamp NOT NULL DEFAULT '0000-00-00 00:00:00',
  `deleted_at` timestamp NULL DEFAULT NULL,
  PRIMARY KEY (`id`),
  KEY `teacher_id` (`teacher_id`),
  KEY `proyect_id` (`proyect_id`),
  CONSTRAINT `validation_tokens_ibfk_1` FOREIGN KEY (`teacher_id`) REFERENCES `teachers` (`id`),
  CONSTRAINT `validation_tokens_ibfk_2` FOREIGN KEY (`proyect_id`) REFERENCES `projects` (`id`)
) ENGINE=InnoDB AUTO_INCREMENT=17 DEFAULT CHARSET=utf8 COLLATE=utf8_spanish_ci;
/*!40101 SET character_set_client = @saved_cs_client */;

--
-- Dumping data for table `validation_tokens`
--

LOCK TABLES `validation_tokens` WRITE;
/*!40000 ALTER TABLE `validation_tokens` DISABLE KEYS */;
INSERT INTO `validation_tokens` (`id`, `token`, `subject`, `plan`, `used`, `teacher_id`, `proyect_id`, `created_at`, `updated_at`, `deleted_at`) VALUES (14,'52563-64bad69f5d44c4--7-17292','Administración de alto volumen de datos',420,1,6,136,'2023-07-21 19:05:39','2023-07-22 01:05:39',NULL),(15,'09354564bec49587-8b1--5644477','Modelado en alto poligonaje',420,0,6,137,'2023-07-28 15:53:48','2023-07-28 21:47:53',NULL),(16,'-6168364c2a187cb98c9-3686288-','Tecnologías multimedia',420,0,7,140,'2023-07-27 22:55:35','2023-07-27 22:55:35',NULL);
/*!40000 ALTER TABLE `validation_tokens` ENABLE KEYS */;
UNLOCK TABLES;

--
-- Table structure for table `visitors`
--

DROP TABLE IF EXISTS `visitors`;
/*!40101 SET @saved_cs_client     = @@character_set_client */;
/*!40101 SET character_set_client = utf8 */;
CREATE TABLE `visitors` (
  `id` int(11) NOT NULL AUTO_INCREMENT,
  `nombre_completo` text COLLATE utf8_unicode_ci NOT NULL,
  `matricula` text COLLATE utf8_unicode_ci,
  `genero` text COLLATE utf8_unicode_ci,
  `created_at` timestamp NOT NULL DEFAULT CURRENT_TIMESTAMP,
  `updated_at` timestamp NULL DEFAULT NULL,
  PRIMARY KEY (`id`)
) ENGINE=InnoDB AUTO_INCREMENT=3 DEFAULT CHARSET=utf8 COLLATE=utf8_unicode_ci;
/*!40101 SET character_set_client = @saved_cs_client */;

--
-- Dumping data for table `visitors`
--

LOCK TABLES `visitors` WRITE;
/*!40000 ALTER TABLE `visitors` DISABLE KEYS */;
INSERT INTO `visitors` (`id`, `nombre_completo`, `matricula`, `genero`, `created_at`, `updated_at`) VALUES (1,'RAUL ABRAHAM MARTINEZ LOPEZ',NULL,'Male','2023-07-20 22:49:48','2023-07-20 22:49:48'),(2,'CLAUDIA ITZEL HERNÁNDEZ VARGAS','2086070',NULL,'2023-07-24 22:12:43','2023-07-24 22:12:43');
/*!40000 ALTER TABLE `visitors` ENABLE KEYS */;
UNLOCK TABLES;

--
-- Dumping events for database 'siste133_sistema_expo2023'
--

--
-- Dumping routines for database 'siste133_sistema_expo2023'
--

--
-- Final view structure for view `View_Student_data`
--

/*!50001 DROP VIEW IF EXISTS `View_Student_data`*/;
/*!50001 SET @saved_cs_client          = @@character_set_client */;
/*!50001 SET @saved_cs_results         = @@character_set_results */;
/*!50001 SET @saved_col_connection     = @@collation_connection */;
/*!50001 SET character_set_client      = latin1 */;
/*!50001 SET character_set_results     = latin1 */;
/*!50001 SET collation_connection      = latin1_swedish_ci */;
/*!50001 CREATE ALGORITHM=UNDEFINED */
/*!50013 DEFINER=`root`@`localhost` SQL SECURITY DEFINER */
/*!50001 VIEW `View_Student_data` AS select `project_students`.`student` AS `student`,`students`.`fullName` AS `fullName` from (`project_students` join `students`) where (`project_students`.`student` = `students`.`enrollment`) */;
/*!50001 SET character_set_client      = @saved_cs_client */;
/*!50001 SET character_set_results     = @saved_cs_results */;
/*!50001 SET collation_connection      = @saved_col_connection */;
/*!50112 SET @disable_bulk_load = IF (@is_rocksdb_supported, 'SET SESSION rocksdb_bulk_load = @old_rocksdb_bulk_load', 'SET @dummy_rocksdb_bulk_load = 0') */;
/*!50112 PREPARE s FROM @disable_bulk_load */;
/*!50112 EXECUTE s */;
/*!50112 DEALLOCATE PREPARE s */;
/*!40103 SET TIME_ZONE=@OLD_TIME_ZONE */;

/*!40101 SET SQL_MODE=@OLD_SQL_MODE */;
/*!40014 SET FOREIGN_KEY_CHECKS=@OLD_FOREIGN_KEY_CHECKS */;
/*!40014 SET UNIQUE_CHECKS=@OLD_UNIQUE_CHECKS */;
/*!40101 SET CHARACTER_SET_CLIENT=@OLD_CHARACTER_SET_CLIENT */;
/*!40101 SET CHARACTER_SET_RESULTS=@OLD_CHARACTER_SET_RESULTS */;
/*!40101 SET COLLATION_CONNECTION=@OLD_COLLATION_CONNECTION */;
/*!40111 SET SQL_NOTES=@OLD_SQL_NOTES */;

-- Dump completed on 2023-08-29 10:58:28
